= English Division Two 2000/01

# Date       Sat Aug/12 2000 - Sat May/5 2001 (266d)
# Teams      24
# Matches    552



Matchday 1
[Sat Aug/12]
  15.00  Bristol Rovers           1-1  AFC Bournemouth
         Cambridge United         0-1  Bury FC
         Luton Town               0-1  Notts County
         Millwall FC              2-0  Reading FC
         Northampton Town         1-1  Brentford FC
         Oldham Athletic          4-1  Port Vale FC
         Oxford United            0-1  Peterborough United
         Rotherham United         2-3  Walsall FC
         Stoke City               0-0  Wycombe Wanderers
         Swansea City             0-0  Wigan Athletic
         Swindon Town             0-0  Colchester United
         Wrexham AFC              0-2  Bristol City


Matchday 2
[Fri Aug/18]
  19.45  Colchester United        0-1  Rotherham United
[Sat Aug/19]
  15.00  AFC Bournemouth          1-1  Cambridge United
         Brentford FC             0-0  Swansea City
         Bristol City             1-2  Stoke City
         Bury FC                  1-4  Wrexham AFC
         Notts County             3-4  Millwall FC
         Port Vale FC             3-0  Oxford United
         Reading FC               2-0  Swindon Town
         Walsall FC               3-2  Oldham Athletic
         Wigan Athletic           2-1  Luton Town
         Wycombe Wanderers        1-0  Northampton Town
[Sun Aug/20]
  15.00  Peterborough United      2-2  Bristol Rovers


Matchday 3
[Sat Aug/26]
  15.00  Cambridge United         1-0  Bristol City
         Luton Town               1-0  AFC Bournemouth
         Millwall FC              1-2  Wycombe Wanderers
         Northampton Town         2-0  Reading FC
         Oldham Athletic          1-4  Peterborough United
         Oxford United            0-1  Brentford FC
         Rotherham United         1-2  Bury FC
         Stoke City               0-1  Notts County
         Swansea City             0-2  Colchester United
         Swindon Town             1-4  Walsall FC
         Wrexham AFC              1-3  Wigan Athletic


Matchday 4
[Mon Aug/28]
  15.00  Brentford FC             2-6  Bristol Rovers
         Bristol City             0-1  Rotherham United
         Bury FC                  1-0  Northampton Town
         Notts County             0-1  Cambridge United
         Wycombe Wanderers        1-1  Luton Town
         Port Vale FC             3-0  Swindon Town
         Peterborough United      0-2  Swansea City
[Tue Aug/29]
  19.45  Reading FC               3-3  Stoke City
         Colchester United        1-1  Oldham Athletic
         Walsall FC               3-2  Oxford United


Matchday 5
[Sat Sep/2]
  15.00  Brentford FC             0-0  Wycombe Wanderers
         Walsall FC               2-0  Wigan Athletic
         Rotherham United         1-1  Luton Town
         Peterborough United      1-1  Bury FC
         Colchester United        3-1  AFC Bournemouth
         Oldham Athletic          0-1  Notts County
         Oxford United            1-1  Cambridge United
         Port Vale FC             0-1  Reading FC


Matchday 6
[Fri Sep/8]
  19.45  Wycombe Wanderers        3-1  Oxford United
[Sat Sep/9]
  15.00  Wigan Athletic           3-1  Colchester United
         Reading FC               4-0  Brentford FC
         Notts County             1-1  Bristol Rovers
         Millwall FC              1-0  Swansea City
         Luton Town               0-2  Northampton Town
         Wrexham AFC              3-1  Oldham Athletic
         Stoke City               3-0  Peterborough United
         AFC Bournemouth          1-1  Port Vale FC
         Bristol City             0-1  Swindon Town
         Bury FC                  2-0  Walsall FC
         Cambridge United         6-1  Rotherham United


Matchday 7
[Tue Sep/12]
  18.45  Wrexham AFC              1-3  Rotherham United
         Wycombe Wanderers        0-1  Bristol Rovers
         Wigan Athletic           1-0  Peterborough United
         Reading FC               5-0  Oldham Athletic
         Notts County             0-1  Swansea City
         Millwall FC              0-1  Northampton Town
         Luton Town               0-0  Walsall FC
         AFC Bournemouth          3-0  Swindon Town
         Bury FC                  0-0  Colchester United
         Cambridge United         4-0  Port Vale FC
[Wed Sep/13]
  18.45  Stoke City               4-0  Oxford United


Matchday 8
[Sat Sep/16]
  15.00  Oxford United            1-0  Bury FC
         Peterborough United      1-0  Reading FC
         Rotherham United         1-0  Wycombe Wanderers
         Walsall FC               1-1  AFC Bournemouth
         Swansea City             4-0  Luton Town
         Oldham Athletic          0-0  Bristol City
         Northampton Town         1-0  Notts County
         Colchester United        1-1  Wrexham AFC
         Brentford FC             1-1  Millwall FC
         Bristol Rovers           0-0  Wigan Athletic
[Sun Sep/17]
  16.00  Port Vale FC             1-1  Stoke City


Matchday 9
[Sat Sep/23]
  15.00  Notts County             2-2  Brentford FC
         Reading FC               5-1  Swansea City
         Stoke City               1-1  Rotherham United
         Wigan Athletic           2-1  Northampton Town
         Wrexham AFC              0-1  Walsall FC
         Wycombe Wanderers        2-0  Peterborough United
         Bristol City             1-1  Colchester United
         Millwall FC              5-0  Oxford United
         Luton Town               2-3  Swindon Town
         AFC Bournemouth          1-1  Oldham Athletic
         Cambridge United         0-3  Bristol Rovers
         Bury FC                  2-0  Port Vale FC


Matchday 4
[Tue Sep/26]
  19.45  AFC Bournemouth          1-2  Wrexham AFC


Matchday 10
[Sat Sep/30]
  15.00  Peterborough United      1-4  Millwall FC
         Oxford United            0-1  Bristol City
         Port Vale FC             0-1  Wycombe Wanderers
         Colchester United        0-1  Stoke City
         Oldham Athletic          1-3  Cambridge United
         Walsall FC               5-1  Notts County
         Swindon Town             2-2  Wigan Athletic
         Swansea City             0-2  Bury FC
         Brentford FC             3-2  AFC Bournemouth
         Bristol Rovers           3-3  Luton Town
         Northampton Town         2-2  Wrexham AFC
         Rotherham United         1-3  Reading FC


Matchday 11
[Fri Oct/6]
  19.45  Wigan Athletic           1-1  Reading FC
         Colchester United        0-2  Walsall FC
         Bury FC                  1-0  Bristol Rovers
         Wycombe Wanderers        3-1  Notts County
         Bristol City             3-3  AFC Bournemouth
[Sat Oct/7]
  15.00  Peterborough United      2-0  Port Vale FC
         Luton Town               0-1  Millwall FC
         Swindon Town             2-1  Oxford United
         Rotherham United         3-0  Oldham Athletic


Matchday 12
[Sat Oct/14]
  15.00  Notts County             2-2  Wigan Athletic
         Walsall FC               0-0  Bristol City
         Swansea City             2-1  Stoke City
         Reading FC               2-0  Wycombe Wanderers
         Port Vale FC             3-1  Colchester United
         Oxford United            3-4  Wrexham AFC
         Oldham Athletic          1-0  Swindon Town
         Millwall FC              4-0  Bury FC
         Cambridge United         2-1  Luton Town
         Bristol Rovers           0-1  Northampton Town
         Brentford FC             1-0  Peterborough United
         AFC Bournemouth          0-1  Rotherham United


Matchday 13
[Tue Oct/17]
  19.45  AFC Bournemouth          0-0  Wigan Athletic
         Swansea City             0-0  Swindon Town
         Reading FC               4-1  Wrexham AFC
         Port Vale FC             2-2  Northampton Town
         Oxford United            0-0  Luton Town
         Oldham Athletic          2-0  Wycombe Wanderers
         Notts County             1-0  Bury FC
         Millwall FC              1-1  Bristol City
         Cambridge United         1-1  Stoke City
         Bristol Rovers           1-1  Rotherham United
         Brentford FC             1-0  Colchester United
         Walsall FC               1-1  Peterborough United


Matchday 14
[Sat Oct/21]
  15.00  Bury FC                  2-5  AFC Bournemouth
         Colchester United        2-0  Cambridge United
         Luton Town               3-1  Brentford FC
         Northampton Town         2-1  Oldham Athletic
         Peterborough United      1-0  Notts County
         Stoke City               3-2  Millwall FC
         Swindon Town             1-3  Bristol Rovers
         Wigan Athletic           1-0  Port Vale FC
         Wrexham AFC              1-0  Swansea City
         Wycombe Wanderers        3-1  Walsall FC
         Rotherham United         3-1  Oxford United
         Bristol City             4-0  Reading FC


Matchday 15
[Tue Oct/24]
  19.30  Wrexham AFC              0-0  Wycombe Wanderers
  19.45  Swindon Town             0-2  Millwall FC
         Rotherham United         4-2  Swansea City
         Port Vale FC             1-1  Brentford FC
         Oxford United            0-2  Wigan Athletic
         Colchester United        2-1  Bristol Rovers
         Cambridge United         1-2  Northampton Town
         Bury FC                  0-2  Reading FC
         Bristol City             2-1  Peterborough United
         AFC Bournemouth          0-1  Notts County
         Walsall FC               3-0  Stoke City


Matchday 16
[Sat Oct/28]
  15.00  Wigan Athletic           1-0  Bury FC
         Swansea City             0-1  Port Vale FC
         Stoke City               2-1  AFC Bournemouth
         Reading FC               4-3  Oxford United
         Peterborough United      3-1  Colchester United
         Wycombe Wanderers        1-2  Bristol City
         Notts County             3-2  Swindon Town
         Northampton Town         0-1  Rotherham United
         Millwall FC              3-1  Cambridge United
         Luton Town               3-4  Wrexham AFC
         Bristol Rovers           0-2  Oldham Athletic
         Brentford FC             2-1  Walsall FC


Matchday 5
[Tue Oct/31]
  19.45  Swansea City             2-2  Bristol City


Matchday 8
[Tue Oct/31]
  19.45  Swindon Town             3-1  Cambridge United


Matchday 17
[Sat Nov/4]
  15.00  Colchester United        0-2  Northampton Town
         Cambridge United         1-1  Brentford FC
         Oldham Athletic          1-1  Swansea City
         Oxford United            0-1  Bristol Rovers
         Port Vale FC             1-1  Millwall FC
         Rotherham United         1-1  Wigan Athletic
         Bury FC                  1-1  Luton Town
         Swindon Town             1-1  Wycombe Wanderers
         Walsall FC               2-1  Reading FC
         Wrexham AFC              1-2  Stoke City
         AFC Bournemouth          2-1  Peterborough United
         Bristol City             4-0  Notts County


Matchday 5
[Tue Nov/7]
  19.45  Northampton Town         2-2  Stoke City


Matchday 4
[Tue Nov/7]
  19.45  Wigan Athletic           1-0  Millwall FC


Matchday 5
[Tue Nov/7]
  19.45  Swindon Town             2-2  Wrexham AFC


Matchday 18
[Sat Nov/11]
  15.00  Wigan Athletic           2-1  Cambridge United
         Reading FC               0-1  Colchester United
         Swansea City             1-2  Oxford United
         Stoke City               0-1  Oldham Athletic
         Peterborough United      4-0  Swindon Town
         Northampton Town         0-3  AFC Bournemouth
         Millwall FC              1-0  Wrexham AFC
         Brentford FC             0-3  Rotherham United
         Bristol Rovers           0-0  Walsall FC
         Luton Town               0-3  Bristol City
         Wycombe Wanderers        2-1  Bury FC


Matchday 11
[Tue Nov/21]
  19.30  Wrexham AFC              2-2  Cambridge United


Matchday 5
[Wed Nov/22]
  19.45  Bristol Rovers           1-2  Millwall FC


Matchday 19
[Sat Nov/25]
  15.00  Rotherham United         3-0  Peterborough United
         Walsall FC               3-0  Northampton Town
         Swindon Town             0-3  Stoke City
         Port Vale FC             3-0  Luton Town
         Oxford United            2-3  Notts County
         Oldham Athletic          0-1  Millwall FC
         Bristol City             1-1  Wigan Athletic
         Cambridge United         3-3  Swansea City
         Colchester United        0-0  Wycombe Wanderers
         Wrexham AFC              1-0  Bristol Rovers


Matchday 20
[Sat Dec/2]
  15.00  Swansea City             0-0  Bristol Rovers
         Walsall FC               2-1  Port Vale FC
         Wycombe Wanderers        0-3  AFC Bournemouth
         Brentford FC             2-2  Wigan Athletic
         Stoke City               1-3  Luton Town
         Rotherham United         3-2  Millwall FC
         Reading FC               3-0  Cambridge United
         Peterborough United      1-0  Wrexham AFC
         Oldham Athletic          3-2  Oxford United
         Bristol City             4-1  Bury FC
         Colchester United        2-0  Notts County
         Northampton Town         0-1  Swindon Town


Matchday 7
[Tue Dec/12]
  19.45  Bristol City             1-2  Brentford FC


Matchday 21
[Fri Dec/15]
  20.00  Cambridge United         0-0  Peterborough United
[Sat Dec/16]
  15.00  Wrexham AFC              2-1  Brentford FC
         Wigan Athletic           2-1  Wycombe Wanderers
         Swindon Town             2-1  Rotherham United
         Millwall FC              2-0  Walsall FC
         Notts County             3-2  Reading FC
         Port Vale FC             1-2  Bristol City
         Bury FC                  1-1  Oldham Athletic
         AFC Bournemouth          2-0  Swansea City
         Bristol Rovers           0-3  Stoke City
         Luton Town               0-3  Colchester United
         Oxford United            3-1  Northampton Town


Matchday 22
[Fri Dec/22]
  19.45  Colchester United        3-2  Oxford United
         Bristol City             3-2  Bristol Rovers
         Port Vale FC             0-2  Rotherham United
[Sat Dec/23]
  15.00  Reading FC               4-1  Luton Town
         Peterborough United      1-2  Northampton Town
         Notts County             1-0  Wrexham AFC
         Bury FC                  1-0  Swindon Town
         Brentford FC             1-1  Oldham Athletic
         Wycombe Wanderers        2-1  Swansea City
         Walsall FC               3-1  Cambridge United
  12.00  Wigan Athletic           1-1  Stoke City


Matchday 23
[Tue Dec/26]
  15.00  Swindon Town             2-3  Brentford FC
  13.00  Oldham Athletic          2-1  Wigan Athletic
  15.00  Oxford United            1-2  AFC Bournemouth
         Cambridge United         1-0  Wycombe Wanderers
  13.00  Wrexham AFC              1-0  Port Vale FC
         Swansea City             3-1  Walsall FC
  15.00  Stoke City               2-1  Bury FC
         Rotherham United         0-0  Notts County
  12.00  Millwall FC              6-1  Colchester United
         Northampton Town         2-0  Bristol City
  13.00  Bristol Rovers           2-2  Reading FC
         Luton Town               3-2  Peterborough United


Matchday 24
[Sat Dec/30]
  15.00  Millwall FC              2-3  Notts County
         Stoke City               1-0  Bristol City
         Oldham Athletic          0-0  Walsall FC
         Northampton Town         2-2  Wycombe Wanderers
         Luton Town               0-2  Wigan Athletic


Matchday 25
[Mon Jan/1]
  15.00  Peterborough United      0-0  Oldham Athletic
         AFC Bournemouth          3-2  Luton Town
         Brentford FC             3-0  Oxford United
         Wigan Athletic           0-0  Wrexham AFC
         Walsall FC               1-0  Swindon Town
         Reading FC               1-1  Northampton Town
  13.00  Notts County             2-2  Stoke City
  15.00  Bury FC                  0-0  Rotherham United
         Bristol City             6-2  Cambridge United


Matchday 22
[Wed Jan/3]
  15.00  AFC Bournemouth          1-2  Millwall FC


Matchday 26
[Sat Jan/6]
  15.00  Bury FC                  0-1  Cambridge United
         Port Vale FC             0-0  Oldham Athletic
         Reading FC               3-4  Millwall FC
         Wigan Athletic           2-0  Swansea City
         Brentford FC             1-1  Northampton Town


Matchday 27
[Fri Jan/12]
  19.45  Luton Town               1-2  Wycombe Wanderers
[Sat Jan/13]
  15.00  Cambridge United         2-2  Notts County
         Millwall FC              3-1  Wigan Athletic
         Northampton Town         2-1  Bury FC
         Oldham Athletic          1-1  Colchester United
         Bristol Rovers           0-0  Brentford FC
         Rotherham United         1-1  Bristol City
         Stoke City               0-0  Reading FC
         Swansea City             2-2  Peterborough United
         Swindon Town             0-1  Port Vale FC
         Wrexham AFC              2-2  AFC Bournemouth
         Oxford United            2-1  Walsall FC


Matchday 11
[Wed Jan/17]
  19.45  Stoke City               1-0  Brentford FC


Matchday 28
[Sat Jan/20]
  15.00  Bristol City             2-0  Northampton Town
         Wigan Athletic           3-1  Oldham Athletic
         Notts County             4-1  Rotherham United
         Walsall FC               5-1  Swansea City
         Reading FC               1-0  Bristol Rovers


Matchday 19
[Tue Jan/23]
  19.45  Bury FC                  0-1  Brentford FC


Matchday 15
[Tue Jan/23]
  19.45  Oldham Athletic          2-0  Luton Town


Matchday 26
[Tue Jan/23]
  19.45  Walsall FC               1-1  Rotherham United


Matchday 24
[Tue Jan/23]
  19.45  Cambridge United         0-2  AFC Bournemouth


Matchday 29
[Sat Jan/27]
  15.00  Rotherham United         3-2  Port Vale FC
         Oxford United            0-1  Colchester United
         Stoke City               2-0  Wigan Athletic
         Swindon Town             3-0  Bury FC
         Millwall FC              0-1  AFC Bournemouth
         Cambridge United         0-1  Walsall FC
         Oldham Athletic          3-0  Brentford FC
  12.00  Northampton Town         0-0  Peterborough United


Matchday 26
[Tue Jan/30]
  19.45  Peterborough United      4-2  Oxford United


Matchday 30
[Fri Feb/2]
  19.45  Wigan Athletic           1-1  Walsall FC
[Sat Feb/3]
  15.00  Bury FC                  2-1  Peterborough United
         Wycombe Wanderers        0-0  Brentford FC
  12.00  Bristol City             3-1  Swansea City
  15.00  Stoke City               1-1  Northampton Town
         Millwall FC              3-0  Bristol Rovers
         Notts County             1-0  Oldham Athletic
         AFC Bournemouth          2-2  Colchester United
         Reading FC               1-0  Port Vale FC
[Sun Feb/4]
  13.00  Wrexham AFC              1-1  Swindon Town


Matchday 28
[Tue Feb/6]
  19.45  Wycombe Wanderers        0-2  Cambridge United
         Colchester United        0-1  Millwall FC


Matchday 31
[Sat Feb/10]
  15.00  Oldham Athletic          5-1  Wrexham AFC
         Northampton Town         0-1  Luton Town
         Rotherham United         3-0  Cambridge United
         Swindon Town             1-1  Bristol City
         Walsall FC               1-2  Bury FC
         Port Vale FC             2-1  AFC Bournemouth
         Peterborough United      0-4  Stoke City
         Brentford FC             1-2  Reading FC
         Bristol Rovers           0-0  Notts County
         Colchester United        0-2  Wigan Athletic
         Oxford United            1-2  Wycombe Wanderers
[Sun Feb/11]
  13.00  Swansea City             0-0  Millwall FC


Matchday 26
[Tue Feb/13]
  19.45  Bristol City             2-1  Wrexham AFC
         Notts County             1-3  Luton Town


Matchday 32
[Fri Feb/16]
  19.45  Millwall FC              1-0  Brentford FC
[Sat Feb/17]
  15.00  Reading FC               1-1  Peterborough United
         Luton Town               5-3  Swansea City
  12.00  Stoke City               1-1  Port Vale FC
  15.00  Notts County             2-0  Northampton Town
         AFC Bournemouth          2-2  Walsall FC
         Bury FC                  3-1  Oxford United
         Wrexham AFC              1-0  Colchester United
         Wigan Athletic           0-0  Bristol Rovers
         Cambridge United         0-1  Swindon Town


Matchday 33
[Tue Feb/20]
  19.45  Rotherham United         2-0  Wrexham AFC
         Port Vale FC             4-2  Cambridge United
         Peterborough United      2-0  Wigan Athletic
         Oxford United            1-1  Stoke City
         Oldham Athletic          0-2  Reading FC
         Northampton Town         3-3  Millwall FC
         Colchester United        1-1  Bury FC
         Brentford FC             2-1  Bristol City
         Swindon Town             1-1  AFC Bournemouth
         Walsall FC               3-1  Luton Town
         Swansea City             0-1  Notts County


Matchday 34
[Sat Feb/24]
  13.00  Rotherham United         2-1  Stoke City
  15.00  Brentford FC             3-1  Notts County
         Bristol Rovers           2-1  Cambridge United
         Colchester United        4-0  Bristol City
         Northampton Town         1-0  Wigan Athletic
         Oldham Athletic          2-1  AFC Bournemouth
         Oxford United            0-2  Millwall FC
         Peterborough United      3-2  Wycombe Wanderers
         Swansea City             0-1  Reading FC
         Swindon Town             1-3  Luton Town
         Walsall FC               2-3  Wrexham AFC
         Port Vale FC             1-1  Bury FC


Matchday 26
[Tue Feb/27]
  19.45  AFC Bournemouth          1-2  Bristol Rovers


Matchday 24
[Tue Feb/27]
  19.45  Rotherham United         3-2  Colchester United


Matchday 11
[Tue Feb/27]
  19.45  Northampton Town         2-1  Swansea City


Matchday 35
[Fri Mar/2]
  19.30  Wrexham AFC              3-0  Northampton Town
[Sat Mar/3]
  15.00  Luton Town               0-0  Bristol Rovers
         Bristol City             0-0  Oxford United
         Notts County             2-0  Walsall FC
         Reading FC               2-0  Rotherham United
         Cambridge United         2-0  Oldham Athletic
         Bury FC                  3-0  Swansea City
         Stoke City               3-1  Colchester United
         Millwall FC              0-0  Peterborough United
         Wigan Athletic           0-0  Swindon Town
         Wycombe Wanderers        0-1  Port Vale FC
         AFC Bournemouth          2-0  Brentford FC


Matchday 36
[Tue Mar/6]
  19.45  Northampton Town         2-1  Bristol Rovers
         Bristol City             1-3  Walsall FC
         Wycombe Wanderers        1-1  Reading FC
         Wigan Athletic           1-1  Notts County
         Swindon Town             3-0  Oldham Athletic
         Rotherham United         3-1  AFC Bournemouth
         Peterborough United      1-1  Brentford FC
         Luton Town               1-0  Cambridge United
         Bury FC                  2-1  Millwall FC
  19.30  Wrexham AFC              5-3  Oxford United
[Wed Mar/7]
  19.45  Colchester United        0-1  Port Vale FC
         Stoke City               1-2  Swansea City


Matchday 37
[Fri Mar/9]
  19.45  Reading FC               1-0  Wigan Athletic
[Sat Mar/10]
  15.00  Walsall FC               0-1  Colchester United
         AFC Bournemouth          4-0  Bristol City
         Oldham Athletic          2-3  Rotherham United
         Swansea City             1-1  Northampton Town
         Port Vale FC             5-0  Peterborough United
         Oxford United            0-2  Swindon Town
         Brentford FC             2-2  Stoke City
         Millwall FC              1-0  Luton Town
         Cambridge United         2-3  Wrexham AFC
         Bristol Rovers           2-0  Bury FC


Matchday 26
[Tue Mar/13]
  19.45  Wycombe Wanderers        0-1  Stoke City


Matchday 38
[Fri Mar/16]
  19.45  Colchester United        3-1  Brentford FC
         Bristol City             2-1  Millwall FC
[Sat Mar/17]
  15.00  Wrexham AFC              1-2  Reading FC
         Bury FC                  1-1  Notts County
         Rotherham United         3-0  Bristol Rovers
         Stoke City               2-3  Cambridge United
         Swindon Town             1-1  Swansea City
         Wigan Athletic           1-1  AFC Bournemouth
         Wycombe Wanderers        2-1  Oldham Athletic


Matchday 26
[Tue Mar/20]
  19.45  Colchester United        0-1  Swindon Town


Matchday 24
[Tue Mar/20]
  19.30  Wrexham AFC              0-1  Bury FC


Matchday 32
[Tue Mar/20]
  19.45  Wycombe Wanderers        0-1  Rotherham United


Matchday 39
[Fri Mar/23]
  19.45  Reading FC               1-3  Bristol City
         Notts County             3-3  Peterborough United
         Oldham Athletic          2-1  Northampton Town
[Sat Mar/24]
  13.00  Oxford United            4-3  Rotherham United
  15.00  Walsall FC               5-1  Wycombe Wanderers
  13.00  Port Vale FC             0-0  Wigan Athletic
  15.00  AFC Bournemouth          1-0  Bury FC
  13.00  Bristol Rovers           0-0  Swindon Town


Matchday 30
[Tue Mar/27]
  19.45  Cambridge United         1-0  Oxford United


Matchday 25
[Tue Mar/27]
  19.45  Wycombe Wanderers        0-0  Millwall FC


Matchday 28
[Tue Mar/27]
  19.45  Peterborough United      1-1  Luton Town


Matchday 18
[Tue Mar/27]
  19.45  Notts County             0-1  Port Vale FC


Matchday 24
[Tue Mar/27]
  19.45  Swindon Town             0-1  Reading FC


Matchday 28
[Tue Mar/27]
  19.45  Bury FC                  1-0  Stoke City


Matchday 32
[Tue Mar/27]
  19.45  Bristol City             2-2  Oldham Athletic


Matchday 40
[Sat Mar/31]
  15.00  Bristol City             1-1  Port Vale FC
         Northampton Town         0-1  Oxford United
         Oldham Athletic          1-1  Bury FC
         Peterborough United      4-1  Cambridge United
         Reading FC               2-1  Notts County
         Rotherham United         4-3  Swindon Town
         Stoke City               4-1  Bristol Rovers
         Swansea City             0-3  AFC Bournemouth
         Brentford FC             1-0  Wrexham AFC
         Walsall FC               0-0  Millwall FC
         Wycombe Wanderers        1-2  Wigan Athletic
         Colchester United        3-1  Luton Town


Matchday 29
[Tue Apr/3]
  19.45  Luton Town               1-1  Reading FC


Matchday 28
[Tue Apr/3]
  19.45  AFC Bournemouth          4-3  Oxford United


Matchday 29
[Tue Apr/3]
  19.45  Bristol Rovers           1-1  Bristol City


Matchday 39
[Tue Apr/3]
  19.45  Millwall FC              2-0  Stoke City


Matchday 28
[Tue Apr/3]
  19.45  Port Vale FC             1-1  Wrexham AFC


Matchday 25
[Tue Apr/3]
  19.45  Colchester United        3-0  Swansea City


Matchday 41
[Sat Apr/7]
  15.00  Oxford United            0-1  Oldham Athletic
         Swindon Town             1-1  Northampton Town
         Cambridge United         1-1  Reading FC
         Bury FC                  0-1  Bristol City
  14.30  Bristol Rovers           1-0  Swansea City
  15.00  Wrexham AFC              2-1  Peterborough United
         Luton Town               1-2  Stoke City
         Millwall FC              4-0  Rotherham United
         Wigan Athletic           1-3  Brentford FC


Matchday 25
[Mon Apr/9]
  19.45  Port Vale FC             1-0  Bristol Rovers


Matchday 28
[Tue Apr/10]
  19.45  Brentford FC             0-1  Swindon Town


Matchday 38
[Tue Apr/10]
  19.45  Luton Town               1-1  Oxford United


Matchday 19
[Tue Apr/10]
  19.45  AFC Bournemouth          1-2  Reading FC


Matchday 29
[Tue Apr/10]
  19.45  Wrexham AFC              1-1  Notts County
         Swansea City             3-1  Wycombe Wanderers


Matchday 24
[Wed Apr/11]
  19.45  Bristol Rovers           1-2  Peterborough United


Matchday 44
[Wed Apr/11]
  19.45  Millwall FC              1-0  Port Vale FC


Matchday 42
[Fri Apr/13]
  19.45  Northampton Town         0-2  Cambridge United
[Sat Apr/14]
  15.00  Swansea City             0-0  Rotherham United
         Bristol Rovers           2-0  Colchester United
         Brentford FC             1-1  Port Vale FC
         Wigan Athletic           3-2  Oxford United
         Luton Town               0-0  Oldham Athletic
         Millwall FC              1-0  Swindon Town
         Peterborough United      2-1  Bristol City
         Notts County             0-2  AFC Bournemouth
         Wycombe Wanderers        1-1  Wrexham AFC
         Stoke City               0-0  Walsall FC
         Reading FC               4-1  Bury FC


Matchday 43
[Mon Apr/16]
  15.00  Swindon Town             1-2  Notts County
         Rotherham United         1-0  Northampton Town
         Port Vale FC             1-0  Swansea City
         Oldham Athletic          1-0  Bristol Rovers
         Bury FC                  0-1  Wigan Athletic
         Bristol City             1-2  Wycombe Wanderers
         Wrexham AFC              3-1  Luton Town
[Tue Apr/17]
  19.45  AFC Bournemouth          1-0  Stoke City
         Colchester United        2-2  Peterborough United
         Oxford United            0-2  Reading FC
         Walsall FC               3-2  Brentford FC
         Cambridge United         1-5  Millwall FC


Matchday 44
[Sat Apr/21]
  15.00  Stoke City               3-1  Wrexham AFC
         Peterborough United      1-2  AFC Bournemouth
         Swansea City             1-2  Oldham Athletic
         Wigan Athletic           0-2  Rotherham United
         Bristol Rovers           6-2  Oxford United
         Wycombe Wanderers        0-0  Swindon Town
         Notts County             2-1  Bristol City
         Reading FC               2-2  Walsall FC
         Northampton Town         2-0  Colchester United
         Luton Town               1-2  Bury FC


Matchday 41
[Mon Apr/23]
  19.45  AFC Bournemouth          2-0  Wycombe Wanderers


Matchday 39
[Tue Apr/24]
  19.45  Swansea City             0-1  Wrexham AFC


Matchday 38
[Tue Apr/24]
  19.45  Peterborough United      2-0  Walsall FC


Matchday 44
[Wed Apr/25]
  19.45  Brentford FC             2-2  Cambridge United


Matchday 38
[Thu Apr/26]
  19.45  Northampton Town         0-2  Port Vale FC


Matchday 37
[Thu Apr/26]
  19.45  Notts County             0-2  Wycombe Wanderers


Matchday 30
[Fri Apr/27]
  19.45  Luton Town               0-1  Rotherham United


Matchday 45
[Sat Apr/28]
  15.00  Swindon Town             2-1  Peterborough United
         Walsall FC               2-1  Bristol Rovers
         Port Vale FC             2-3  Notts County
         Rotherham United         2-1  Brentford FC
         Oxford United            3-1  Swansea City
         Oldham Athletic          1-2  Stoke City
         Colchester United        2-1  Reading FC
         Cambridge United         1-2  Wigan Athletic
         AFC Bournemouth          2-0  Northampton Town
         Bristol City             3-1  Luton Town
         Bury FC                  1-1  Wycombe Wanderers
         Wrexham AFC              1-1  Millwall FC


Matchday 3
[Mon Apr/30]
  19.45  Bristol Rovers           0-3  Port Vale FC


Matchday 24
[Tue May/1]
  19.45  Swansea City             6-0  Brentford FC
         Oxford United            1-1  Port Vale FC


Matchday 39
[Tue May/1]
  19.45  Cambridge United         2-1  Colchester United


Matchday 33
[Wed May/2]
  19.45  Bristol Rovers           1-2  Wycombe Wanderers


Matchday 41
[Thu May/3]
  19.45  Notts County             2-2  Colchester United
         Port Vale FC             0-2  Walsall FC


Matchday 39
[Thu May/3]
  19.45  Brentford FC             2-2  Luton Town


Matchday 46
[Sat May/5]
  15.00  Brentford FC             3-1  Bury FC
         Bristol Rovers           4-0  Wrexham AFC
         Luton Town               1-1  Port Vale FC
         Millwall FC              5-0  Oldham Athletic
         Northampton Town         0-3  Walsall FC
         Notts County             2-1  Oxford United
         Peterborough United      1-1  Rotherham United
         Reading FC               3-3  AFC Bournemouth
         Stoke City               4-1  Swindon Town
         Swansea City             1-1  Cambridge United
         Wigan Athletic           0-0  Bristol City
         Wycombe Wanderers        1-1  Colchester United
