= English Division Three 2000/01

# Date       Sat Aug/12 2000 - Tue May/8 2001 (269d)
# Teams      24
# Matches    552



Matchday 1
[Sat Aug/12]
  15.00  Barnet FC                3-0  Shrewsbury Town
         Blackpool FC             3-1  Hull City
         Carlisle United          2-2  Halifax Town
         Cheltenham Town          2-2  Mansfield Town
         Chesterfield FC          4-1  York City
         Exeter City              1-2  Cardiff City
         Kidderminster Harriers   2-0  Torquay United
         Lincoln City             0-2  Hartlepool United
         Macclesfield Town        0-1  Scunthorpe United
         Plymouth Argyle          0-1  Leyton Orient
         Rochdale AFC             1-1  Darlington FC
         Southend United          2-0  Brighton & Hove Albion


Matchday 2
[Sat Aug/19]
  15.00  Brighton & Hove Albion   2-1  Rochdale AFC
         Cardiff City             1-1  Blackpool FC
         Darlington FC            1-1  Exeter City
         Halifax Town             1-1  Lincoln City
         Hartlepool United        1-2  Chesterfield FC
         Hull City                1-1  Plymouth Argyle
         Leyton Orient            1-0  Carlisle United
         Barnet FC                3-3  Mansfield Town
         Scunthorpe United        2-0  Kidderminster Harriers
         Shrewsbury Town          2-2  Macclesfield Town
         Torquay United           1-1  Southend United
         York City                0-2  Cheltenham Town


Matchday 3
[Fri Aug/25]
  19.45  Carlisle United          1-1  York City
[Sat Aug/26]
  15.00  Barnet FC                2-2  Cardiff City
         Blackpool FC             2-2  Leyton Orient
         Cheltenham Town          2-0  Torquay United
         Chesterfield FC          3-0  Shrewsbury Town
         Exeter City              1-1  Hartlepool United
         Kidderminster Harriers   2-1  Halifax Town
         Lincoln City             2-0  Brighton & Hove Albion
         Macclesfield Town        0-0  Hull City
         Plymouth Argyle          2-0  Mansfield Town
         Rochdale AFC             3-2  Scunthorpe United
         Southend United          0-2  Darlington FC


Matchday 4
[Mon Aug/28]
  15.00  Brighton & Hove Albion   0-2  Kidderminster Harriers
         Cardiff City             2-2  Southend United
         Halifax Town             1-2  Rochdale AFC
         Hartlepool United        0-0  Cheltenham Town
         Hull City                1-1  Lincoln City
         Leyton Orient            2-1  Exeter City
         Mansfield Town           4-4  Macclesfield Town
         Scunthorpe United        1-1  Chesterfield FC
         Torquay United           3-2  Blackpool FC
         York City                1-0  Barnet FC
[Tue Aug/29]
  19.45  Shrewsbury Town          0-1  Carlisle United
  19.30  Darlington FC            1-0  Plymouth Argyle


Matchday 5
[Sat Sep/2]
  15.00  Brighton & Hove Albion   6-2  Torquay United
         Chesterfield FC          1-2  Barnet FC
         Darlington FC            1-1  York City
         Exeter City              0-0  Mansfield Town
         Halifax Town             2-2  Leyton Orient
         Hartlepool United        1-3  Shrewsbury Town
         Hull City                0-2  Cheltenham Town
         Kidderminster Harriers   0-1  Carlisle United
         Lincoln City             3-0  Southend United
         Plymouth Argyle          0-1  Macclesfield Town
         Rochdale AFC             1-1  Cardiff City
         Scunthorpe United        1-0  Blackpool FC


Matchday 6
[Sat Sep/9]
  15.00  Barnet FC                0-0  Kidderminster Harriers
         Blackpool FC             1-2  Hartlepool United
         Cardiff City             1-1  Brighton & Hove Albion
         Carlisle United          1-2  Rochdale AFC
         Cheltenham Town          0-1  Chesterfield FC
         Leyton Orient            2-2  Hull City
         Macclesfield Town        0-2  Exeter City
         Mansfield Town           5-1  Halifax Town
         Shrewsbury Town          1-0  Darlington FC
         Southend United          2-2  Plymouth Argyle
         Torquay United           1-1  Lincoln City
         York City                2-0  Scunthorpe United


Matchday 7
[Tue Sep/12]
  18.45  Barnet FC                1-1  Exeter City
         Blackpool FC             0-2  Brighton & Hove Albion
         Cardiff City             4-2  Halifax Town
         Carlisle United          2-4  Chesterfield FC
         Cheltenham Town          1-0  Darlington FC
         Leyton Orient            1-1  Scunthorpe United
         Macclesfield Town        2-0  Lincoln City
         Mansfield Town           1-1  Hull City
         Shrewsbury Town          4-1  Plymouth Argyle
         Southend United          1-1  Kidderminster Harriers
         Torquay United           1-0  Hartlepool United
         York City                0-2  Rochdale AFC


Matchday 8
[Sat Sep/16]
  15.00  Brighton & Hove Albion   3-0  Cheltenham Town
         Chesterfield FC          4-0  Mansfield Town
         Darlington FC            1-0  Barnet FC
         Exeter City              3-1  York City
         Halifax Town             0-1  Southend United
         Hartlepool United        2-2  Macclesfield Town
         Hull City                1-0  Shrewsbury Town
         Kidderminster Harriers   2-1  Leyton Orient
         Lincoln City             1-1  Blackpool FC
         Plymouth Argyle          2-0  Carlisle United
         Rochdale AFC             2-1  Torquay United
         Scunthorpe United        0-2  Cardiff City


Matchday 9
[Fri Sep/22]
  19.45  Macclesfield Town        1-1  Darlington FC
[Sat Sep/23]
  15.00  Barnet FC                1-1  Hull City
         Blackpool FC             1-3  Chesterfield FC
         Cardiff City             0-0  Kidderminster Harriers
         Carlisle United          0-1  Exeter City
         Cheltenham Town          5-2  Plymouth Argyle
         Leyton Orient            1-0  Lincoln City
         Mansfield Town           4-3  Hartlepool United
         Shrewsbury Town          0-4  Rochdale AFC
         Southend United          1-0  Scunthorpe United
         Torquay United           1-2  Halifax Town
         York City                0-1  Brighton & Hove Albion


Matchday 10
[Fri Sep/29]
  19.45  Kidderminster Harriers   1-4  Blackpool FC
[Sat Sep/30]
  15.00  Brighton & Hove Albion   2-0  Leyton Orient
         Chesterfield FC          4-1  Macclesfield Town
         Darlington FC            1-0  Carlisle United
         Exeter City              0-2  Cheltenham Town
         Halifax Town             0-0  Shrewsbury Town
         Hartlepool United        1-0  York City
         Hull City                2-0  Cardiff City
         Lincoln City             0-2  Mansfield Town
         Plymouth Argyle          2-3  Barnet FC
         Rochdale AFC             0-1  Southend United
         Scunthorpe United        3-0  Torquay United


Matchday 11
[Fri Oct/6]
  19.45  Hull City                0-2  Brighton & Hove Albion
         Kidderminster Harriers   0-0  Rochdale AFC
         Shrewsbury Town          2-0  Exeter City
         York City                2-1  Mansfield Town
         Cheltenham Town          1-0  Carlisle United
[Sat Oct/7]
  12.30  Chesterfield FC          2-1  Plymouth Argyle
  15.00  Hartlepool United        2-1  Darlington FC
         Scunthorpe United        1-0  Halifax Town
[Sun Oct/8]
  15.00  Blackpool FC             2-2  Southend United
         Torquay United           1-2  Leyton Orient
         Barnet FC                0-2  Macclesfield Town


Matchday 12
[Sat Oct/14]
  15.00  Southend United          1-0  York City
         Brighton & Hove Albion   0-0  Scunthorpe United
         Carlisle United          0-2  Barnet FC
         Darlington FC            2-0  Torquay United
         Exeter City              1-1  Chesterfield FC
         Halifax Town             0-2  Hull City
         Leyton Orient            2-1  Cardiff City
         Lincoln City             3-3  Kidderminster Harriers
         Macclesfield Town        2-1  Cheltenham Town
         Mansfield Town           1-0  Shrewsbury Town
         Plymouth Argyle          2-0  Blackpool FC
         Rochdale AFC             2-1  Hartlepool United


Matchday 13
[Tue Oct/17]
  19.45  Lincoln City             2-1  York City
  19.30  Darlington FC            1-2  Kidderminster Harriers
  19.45  Carlisle United          2-2  Cardiff City
         Exeter City              0-1  Hull City
         Halifax Town             1-2  Cheltenham Town
         Leyton Orient            2-0  Shrewsbury Town
         Southend United          2-0  Barnet FC
         Macclesfield Town        2-1  Torquay United
         Mansfield Town           0-1  Blackpool FC
         Plymouth Argyle          1-0  Scunthorpe United
         Rochdale AFC             2-2  Chesterfield FC
[Wed Oct/18]
  19.45  Brighton & Hove Albion   4-2  Hartlepool United


Matchday 14
[Sat Oct/21]
  15.00  York City                1-1  Leyton Orient
         Barnet FC                1-0  Halifax Town
         Blackpool FC             2-1  Macclesfield Town
         Cardiff City             2-0  Mansfield Town
         Cheltenham Town          0-2  Rochdale AFC
         Chesterfield FC          1-0  Brighton & Hove Albion
         Hartlepool United        1-1  Plymouth Argyle
         Hull City                1-1  Southend United
         Kidderminster Harriers   0-0  Exeter City
         Scunthorpe United        1-1  Darlington FC
         Shrewsbury Town          3-2  Lincoln City
         Torquay United           4-2  Carlisle United


Matchday 15
[Tue Oct/24]
  19.45  Southend United          1-1  Exeter City
  19.30  Scunthorpe United        2-0  Shrewsbury Town
  19.45  Blackpool FC             3-2  Carlisle United
         Brighton & Hove Albion   2-0  Plymouth Argyle
         Cardiff City             2-0  Darlington FC
         Halifax Town             1-3  York City
         Hull City                0-0  Hartlepool United
         Kidderminster Harriers   0-2  Chesterfield FC
         Leyton Orient            3-1  Barnet FC
         Lincoln City             1-0  Cheltenham Town
         Rochdale AFC             2-2  Macclesfield Town
         Torquay United           2-2  Mansfield Town


Matchday 16
[Sat Oct/28]
  15.00  Exeter City              0-1  Rochdale AFC
         Barnet FC                4-3  Lincoln City
         Carlisle United          1-2  Scunthorpe United
         Cheltenham Town          0-1  Blackpool FC
         Chesterfield FC          2-2  Cardiff City
         Darlington FC            1-2  Brighton & Hove Albion
         York City                0-0  Hull City
         Hartlepool United        2-1  Leyton Orient
         Macclesfield Town        0-0  Halifax Town
         Mansfield Town           1-1  Southend United
         Shrewsbury Town          1-1  Torquay United


Matchday 17
[Sat Nov/4]
  15.00  Southend United          3-1  Macclesfield Town
         Scunthorpe United        3-0  Hartlepool United
  12.00  Torquay United           1-1  Plymouth Argyle
  15.00  Blackpool FC             0-1  Shrewsbury Town
         Brighton & Hove Albion   4-1  Carlisle United
         Cardiff City             4-0  York City
         Halifax Town             3-1  Exeter City
         Hull City                2-0  Darlington FC
         Kidderminster Harriers   1-1  Cheltenham Town
         Leyton Orient            2-1  Mansfield Town
         Lincoln City             1-1  Chesterfield FC
         Rochdale AFC             0-0  Barnet FC


Matchday 18
[Sat Nov/11]
  15.00  York City                3-2  Torquay United
         Chesterfield FC          1-0  Hull City
         Barnet FC                7-0  Blackpool FC
         Carlisle United          3-1  Southend United
         Cheltenham Town          1-1  Leyton Orient
         Macclesfield Town        0-0  Brighton & Hove Albion
         Darlington FC            0-1  Halifax Town
         Exeter City              2-1  Scunthorpe United
         Hartlepool United        3-1  Kidderminster Harriers
         Mansfield Town           1-0  Rochdale AFC


Matchday 11
[Wed Nov/22]
  19.45  Cardiff City             3-2  Lincoln City


Matchday 19
[Sat Nov/25]
  15.00  Torquay United           2-1  Barnet FC
         Scunthorpe United        6-0  Mansfield Town
         Lincoln City             3-1  Exeter City
         Blackpool FC             2-1  Darlington FC
         Brighton & Hove Albion   4-0  Shrewsbury Town
         Cardiff City             3-2  Hartlepool United
         Halifax Town             2-2  Chesterfield FC
         Hull City                2-1  Carlisle United
         Kidderminster Harriers   3-1  York City
         Leyton Orient            2-1  Macclesfield Town
         Southend United          0-1  Cheltenham Town


Matchday 20
[Sat Dec/2]
  15.00  Scunthorpe United        0-1  Hull City
         Rochdale AFC             1-0  Blackpool FC
         York City                2-1  Shrewsbury Town
         Kidderminster Harriers   2-1  Macclesfield Town
  12.00  Torquay United           1-4  Cardiff City
  13.00  Exeter City              0-2  Plymouth Argyle
  15.00  Brighton & Hove Albion   2-1  Halifax Town
         Carlisle United          1-1  Lincoln City
         Cheltenham Town          4-3  Barnet FC
         Chesterfield FC          4-1  Leyton Orient
         Darlington FC            2-1  Mansfield Town
         Hartlepool United        1-0  Southend United


Matchday 36
[Sat Dec/9]
  15.00  Chesterfield FC          2-0  Exeter City


Matchday 21
[Sat Dec/16]
  15.00  Southend United          3-2  Chesterfield FC
         Plymouth Argyle          1-0  York City
         Mansfield Town           2-0  Brighton & Hove Albion
         Barnet FC                4-2  Scunthorpe United
         Blackpool FC             3-0  Exeter City
         Cardiff City             3-1  Cheltenham Town
         Halifax Town             0-1  Hartlepool United
         Hull City                1-2  Torquay United
         Leyton Orient            1-0  Darlington FC
         Lincoln City             1-1  Rochdale AFC
         Macclesfield Town        1-0  Carlisle United


Matchday 22
[Fri Dec/22]
  19.45  Shrewsbury Town          0-1  Southend United
         Mansfield Town           1-1  Carlisle United
         Brighton & Hove Albion   2-0  Exeter City
         York City                0-2  Blackpool FC
[Sat Dec/23]
  15.00  Hartlepool United        6-1  Barnet FC
         Leyton Orient            1-1  Rochdale AFC
         Scunthorpe United        1-1  Cheltenham Town
         Hull City                0-0  Kidderminster Harriers
         Cardiff City             2-0  Macclesfield Town
         Darlington FC            3-0  Lincoln City
         Halifax Town             2-0  Plymouth Argyle
         Torquay United           0-0  Chesterfield FC


Matchday 23
[Tue Dec/26]
  15.00  Chesterfield FC          2-0  Darlington FC
         Rochdale AFC             1-0  Hull City
         Macclesfield Town        0-1  York City
         Lincoln City             1-1  Scunthorpe United
  12.00  Barnet FC                0-1  Brighton & Hove Albion
         Exeter City              1-1  Torquay United
         Plymouth Argyle          2-1  Cardiff City
         Southend United          0-1  Leyton Orient
  15.00  Blackpool FC             0-1  Halifax Town
         Cheltenham Town          1-1  Shrewsbury Town
         Kidderminster Harriers   1-0  Mansfield Town


Matchday 24
[Sat Dec/30]
  15.00  Southend United          1-1  Torquay United


Matchday 25
[Mon Jan/1]
  15.00  Cardiff City             6-1  Exeter City
         Torquay United           1-1  Kidderminster Harriers
         Shrewsbury Town          3-2  Barnet FC
         Scunthorpe United        2-2  Macclesfield Town
  12.00  Brighton & Hove Albion   0-2  Southend United
[Sat Jan/6]
  15.00  Darlington FC            1-2  Rochdale AFC


Matchday 26
[Sat Jan/6]
  15.00  Hull City                0-0  Macclesfield Town
         Hartlepool United        2-0  Exeter City
         Mansfield Town           0-0  Plymouth Argyle
         Shrewsbury Town          0-0  Chesterfield FC
         Torquay United           1-2  Cheltenham Town
         Halifax Town             3-2  Kidderminster Harriers


Matchday 27
[Sat Jan/13]
  15.00  Blackpool FC             5-0  Torquay United
         Carlisle United          1-0  Shrewsbury Town
         Rochdale AFC             0-1  Halifax Town
         Cheltenham Town          1-2  Hartlepool United
         Chesterfield FC          1-0  Scunthorpe United
         Exeter City              2-3  Leyton Orient
         Kidderminster Harriers   0-2  Brighton & Hove Albion
         Lincoln City             2-0  Hull City
         Plymouth Argyle          1-1  Darlington FC
         Southend United          1-1  Cardiff City
         Barnet FC                2-0  York City
[Sun Jan/14]
  15.00  Macclesfield Town        0-1  Mansfield Town


Matchday 24
[Tue Jan/16]
  19.45  Chesterfield FC          0-0  Hartlepool United


Matchday 25
[Tue Jan/16]
  19.45  Hull City                0-1  Blackpool FC


Matchday 18
[Tue Jan/16]
  19.45  Plymouth Argyle          1-0  Lincoln City


Matchday 28
[Sat Jan/20]
  15.00  Torquay United           2-1  Exeter City
         Hartlepool United        2-2  Carlisle United
         Darlington FC            0-3  Chesterfield FC
         Cardiff City             4-1  Plymouth Argyle
         York City                1-3  Macclesfield Town
         Leyton Orient            0-2  Southend United
         Shrewsbury Town          1-0  Cheltenham Town


Matchday 25
[Tue Jan/23]
  19.45  York City                0-1  Chesterfield FC


Matchday 28
[Tue Jan/23]
  19.45  Mansfield Town           2-1  Kidderminster Harriers


Matchday 29
[Sat Jan/27]
  15.00  Chesterfield FC          3-0  Torquay United
         Carlisle United          2-1  Mansfield Town
         Blackpool FC             1-0  York City
         Barnet FC                1-3  Hartlepool United
         Macclesfield Town        2-5  Cardiff City
         Exeter City              1-0  Brighton & Hove Albion
         Lincoln City             2-2  Darlington FC
         Kidderminster Harriers   2-2  Hull City
         Southend United          0-0  Shrewsbury Town
         Plymouth Argyle          1-0  Halifax Town
[Sun Jan/28]
  12.00  Rochdale AFC             3-1  Leyton Orient


Matchday 26
[Tue Jan/30]
  19.45  York City                0-0  Carlisle United


Matchday 16
[Tue Jan/30]
  19.45  Plymouth Argyle          4-0  Kidderminster Harriers


Matchday 30
[Fri Feb/2]
  19.45  Mansfield Town           1-1  Exeter City
         Cardiff City             0-0  Rochdale AFC
[Sat Feb/3]
  15.00  Barnet FC                1-1  Chesterfield FC
         Macclesfield Town        3-1  Plymouth Argyle
         Torquay United           0-1  Brighton & Hove Albion
         Shrewsbury Town          1-1  Hartlepool United
         Leyton Orient            3-0  Halifax Town
         Cheltenham Town          0-1  Hull City
         Blackpool FC             6-0  Scunthorpe United
         Southend United          1-0  Lincoln City
         Carlisle United          2-0  Kidderminster Harriers


Matchday 31
[Fri Feb/9]
  19.45  Chesterfield FC          2-0  Cheltenham Town
[Sat Feb/10]
  15.00  Scunthorpe United        4-0  York City
         Hartlepool United        3-1  Blackpool FC
         Lincoln City             1-2  Torquay United
         Hull City                1-0  Leyton Orient
         Brighton & Hove Albion   1-0  Cardiff City
         Exeter City              0-0  Macclesfield Town
         Halifax Town             3-4  Mansfield Town
         Kidderminster Harriers   2-1  Barnet FC


Matchday 24
[Tue Feb/13]
  19.45  Blackpool FC             1-0  Cardiff City
         Macclesfield Town        2-1  Shrewsbury Town


Matchday 26
[Tue Feb/13]
  19.45  Scunthorpe United        0-0  Rochdale AFC


Matchday 25
[Tue Feb/13]
  19.45  Mansfield Town           2-1  Cheltenham Town


Matchday 23
[Tue Feb/13]
  19.45  Carlisle United          2-3  Hartlepool United


Matchday 32
[Sat Feb/17]
  15.00  York City                0-3  Exeter City
         Carlisle United          1-1  Plymouth Argyle
         Torquay United           1-0  Rochdale AFC
         Southend United          0-3  Halifax Town
         Shrewsbury Town          0-2  Hull City
         Barnet FC                3-0  Darlington FC
         Mansfield Town           0-1  Chesterfield FC
         Blackpool FC             2-0  Lincoln City
         Cheltenham Town          3-1  Brighton & Hove Albion
         Cardiff City             3-0  Scunthorpe United
         Leyton Orient            0-0  Kidderminster Harriers
         Macclesfield Town        0-1  Hartlepool United


Matchday 33
[Tue Feb/20]
  19.45  Plymouth Argyle          3-1  Shrewsbury Town
         Lincoln City             1-2  Macclesfield Town
         Kidderminster Harriers   2-1  Southend United
         Halifax Town             1-2  Cardiff City
         Exeter City              1-0  Barnet FC
         Darlington FC            1-0  Cheltenham Town
         Chesterfield FC          1-1  Carlisle United
         Brighton & Hove Albion   1-0  Blackpool FC
  19.30  Scunthorpe United        1-1  Leyton Orient
         Hartlepool United        3-1  Torquay United
  19.45  Rochdale AFC             0-1  York City
         Hull City                2-1  Mansfield Town


Matchday 34
[Sat Feb/24]
  15.00  Chesterfield FC          2-1  Blackpool FC
         Brighton & Hove Albion   1-1  York City
         Darlington FC            1-1  Macclesfield Town
         Exeter City              1-0  Carlisle United
         Hartlepool United        1-1  Mansfield Town
         Scunthorpe United        1-1  Southend United
         Halifax Town             2-1  Torquay United
         Hull City                2-1  Barnet FC
         Lincoln City             2-3  Leyton Orient
         Plymouth Argyle          0-0  Cheltenham Town
         Rochdale AFC             1-7  Shrewsbury Town
[Sun Feb/25]
  12.00  Kidderminster Harriers   2-4  Cardiff City


Matchday 24
[Tue Feb/27]
  19.45  Mansfield Town           4-1  Barnet FC


Matchday 29
[Tue Feb/27]
  19.45  Cheltenham Town          1-0  Scunthorpe United


Matchday 35
[Fri Mar/2]
  19.45  Cardiff City             2-0  Hull City
[Sat Mar/3]
  15.00  Blackpool FC             5-1  Kidderminster Harriers
         Carlisle United          0-2  Darlington FC
         Leyton Orient            0-2  Brighton & Hove Albion
         Barnet FC                1-1  Plymouth Argyle
         Mansfield Town           2-3  Lincoln City
         Shrewsbury Town          2-1  Halifax Town
         Southend United          3-0  Rochdale AFC
         Torquay United           0-2  Scunthorpe United
         Cheltenham Town          1-0  Exeter City
         York City                1-1  Hartlepool United
         Macclesfield Town        1-2  Chesterfield FC


Matchday 36
[Tue Mar/6]
  19.45  York City                1-0  Southend United
  19.30  Scunthorpe United        2-1  Brighton & Hove Albion
  19.45  Barnet FC                0-1  Carlisle United
         Blackpool FC             1-0  Plymouth Argyle
         Cardiff City             1-1  Leyton Orient
         Cheltenham Town          1-1  Macclesfield Town
         Hull City                1-0  Halifax Town
         Kidderminster Harriers   1-3  Lincoln City
         Shrewsbury Town          2-1  Mansfield Town
  19.30  Hartlepool United        1-1  Rochdale AFC


Matchday 37
[Sat Mar/10]
  15.00  Lincoln City             2-0  Cardiff City
         Brighton & Hove Albion   3-0  Hull City
         Carlisle United          1-1  Cheltenham Town
         Darlington FC            1-1  Hartlepool United
         Exeter City              1-0  Shrewsbury Town
         Southend United          0-3  Blackpool FC
         Halifax Town             3-4  Scunthorpe United
         Rochdale AFC             0-0  Kidderminster Harriers
         Plymouth Argyle          3-0  Chesterfield FC
         Mansfield Town           1-3  York City
         Leyton Orient            0-2  Torquay United
[Sun Mar/11]
  15.00  Macclesfield Town        3-0  Barnet FC


Matchday 18
[Tue Mar/13]
  19.45  Shrewsbury Town          0-4  Cardiff City


Matchday 30
[Tue Mar/13]
  19.45  York City                2-0  Darlington FC


Matchday 24
[Tue Mar/13]
  19.45  Carlisle United          1-0  Leyton Orient
         Plymouth Argyle          1-1  Hull City
         Kidderminster Harriers   0-0  Scunthorpe United


Matchday 28
[Wed Mar/14]
  19.45  Brighton & Hove Albion   4-1  Barnet FC


Matchday 38
[Sat Mar/17]
  15.00  York City                0-0  Lincoln City
         Kidderminster Harriers   0-0  Darlington FC
         Hull City                2-1  Exeter City
         Shrewsbury Town          1-1  Leyton Orient
         Chesterfield FC          1-1  Rochdale AFC
         Barnet FC                2-1  Southend United
         Cheltenham Town          4-2  Halifax Town
         Cardiff City             4-1  Carlisle United
         Blackpool FC             2-2  Mansfield Town
         Scunthorpe United        4-1  Plymouth Argyle
         Hartlepool United        2-2  Brighton & Hove Albion


Matchday 21
[Tue Mar/20]
  19.45  Shrewsbury Town          1-0  Kidderminster Harriers


Matchday 24
[Tue Mar/20]
  19.45  Cheltenham Town          1-1  York City


Matchday 26
[Tue Mar/20]
  19.45  Leyton Orient            1-0  Blackpool FC


Matchday 39
[Fri Mar/23]
  19.45  Lincoln City             2-2  Shrewsbury Town
         Rochdale AFC             1-1  Cheltenham Town
         Carlisle United          1-0  Torquay United
[Sat Mar/24]
  12.00  Exeter City              2-1  Kidderminster Harriers
         Macclesfield Town        2-1  Blackpool FC
  13.00  Darlington FC            2-1  Scunthorpe United
  15.00  Halifax Town             3-0  Barnet FC
         Leyton Orient            1-1  York City
  12.00  Plymouth Argyle          0-2  Hartlepool United


Matchday 28
[Tue Mar/27]
  19.45  Hull City                3-2  Rochdale AFC


Matchday 25
[Tue Mar/27]
  19.30  Hartlepool United        1-0  Lincoln City
  19.45  Halifax Town             0-0  Carlisle United


Matchday 24
[Tue Mar/27]
  19.45  Exeter City              1-1  Darlington FC


Matchday 40
[Sat Mar/31]
  15.00  Brighton & Hove Albion   2-0  Mansfield Town
         Exeter City              2-0  Blackpool FC
         Darlington FC            1-1  Leyton Orient
         Carlisle United          1-0  Macclesfield Town
         York City                1-2  Plymouth Argyle
         Hartlepool United        1-1  Halifax Town
         Kidderminster Harriers   3-1  Shrewsbury Town
         Scunthorpe United        2-1  Barnet FC
         Torquay United           1-1  Hull City
         Chesterfield FC          1-1  Southend United
[Sun Apr/1]
  12.00  Cheltenham Town          3-1  Cardiff City


Matchday 28
[Tue Apr/3]
  19.45  Scunthorpe United        2-1  Lincoln City


Matchday 24
[Tue Apr/3]
  19.45  Rochdale AFC             1-1  Brighton & Hove Albion


Matchday 26
[Tue Apr/3]
  19.30  Darlington FC            1-1  Southend United
[Wed Apr/4]
  19.45  Cardiff City             1-0  Barnet FC


Matchday 41
[Sat Apr/7]
  15.00  Macclesfield Town        1-0  Kidderminster Harriers
         Cardiff City             2-1  Torquay United
         Plymouth Argyle          1-0  Exeter City
         Southend United          2-1  Hartlepool United
         Hull City                2-1  Scunthorpe United
         Leyton Orient            2-0  Chesterfield FC
         Barnet FC                2-2  Cheltenham Town


Matchday 28
[Tue Apr/10]
  19.45  Halifax Town             1-2  Blackpool FC


Matchday 31
[Tue Apr/10]
  19.30  Darlington FC            3-0  Shrewsbury Town
  19.45  Rochdale AFC             6-0  Carlisle United


Matchday 25
[Tue Apr/10]
  19.45  Leyton Orient            1-1  Plymouth Argyle


Matchday 26
[Tue Apr/10]
  19.45  Brighton & Hove Albion   2-0  Lincoln City


Matchday 38
[Tue Apr/10]
  19.45  Torquay United           2-0  Macclesfield Town


Matchday 42
[Sat Apr/14]
  15.00  Exeter City              2-2  Southend United
         York City                2-1  Halifax Town
         Shrewsbury Town          0-2  Scunthorpe United
         Hartlepool United        0-1  Hull City
         Macclesfield Town        0-0  Rochdale AFC
         Mansfield Town           0-0  Torquay United
         Plymouth Argyle          0-2  Brighton & Hove Albion
         Chesterfield FC          1-0  Kidderminster Harriers
         Darlington FC            2-0  Cardiff City
         Cheltenham Town          2-1  Lincoln City
         Carlisle United          1-0  Blackpool FC
         Barnet FC                1-2  Leyton Orient


Matchday 43
[Mon Apr/16]
  13.00  Brighton & Hove Albion   2-0  Darlington FC
  15.00  Lincoln City             2-1  Barnet FC
         Leyton Orient            3-1  Hartlepool United
         Kidderminster Harriers   3-0  Plymouth Argyle
         Hull City                0-0  York City
         Cardiff City             3-3  Chesterfield FC
         Blackpool FC             0-0  Cheltenham Town
  13.00  Halifax Town             3-0  Macclesfield Town
  15.00  Scunthorpe United        3-0  Carlisle United
         Torquay United           0-0  Shrewsbury Town
         Rochdale AFC             3-0  Exeter City


Matchday 44
[Sat Apr/21]
  15.00  Shrewsbury Town          1-0  Blackpool FC
         Plymouth Argyle          3-1  Torquay United
         Chesterfield FC          1-2  Lincoln City
         Mansfield Town           2-0  Leyton Orient
         Cheltenham Town          1-3  Kidderminster Harriers
         Macclesfield Town        1-0  Southend United
         Barnet FC                3-0  Rochdale AFC
         Hartlepool United        1-0  Scunthorpe United
         Exeter City              0-0  Halifax Town
         Darlington FC            0-2  Hull City
         York City                3-3  Cardiff City
         Carlisle United          0-0  Brighton & Hove Albion


Matchday 40
[Mon Apr/23]
  19.45  Rochdale AFC             3-1  Lincoln City


Matchday 36
[Tue Apr/24]
  19.45  Torquay United           2-1  Darlington FC


Matchday 39
[Tue Apr/24]
  19.45  Mansfield Town           2-1  Cardiff City


Matchday 31
[Tue Apr/24]
  19.45  Plymouth Argyle          3-3  Southend United


Matchday 41
[Thu Apr/26]
  19.45  Blackpool FC             3-1  Rochdale AFC


Matchday 45
[Sat Apr/28]
  15.00  Scunthorpe United        0-2  Exeter City
         Rochdale AFC             1-0  Mansfield Town
         Leyton Orient            0-0  Cheltenham Town
         Southend United          1-1  Carlisle United
         Lincoln City             2-1  Plymouth Argyle
         Kidderminster Harriers   0-1  Hartlepool United
         Hull City                3-1  Chesterfield FC
         Halifax Town             1-0  Darlington FC
         Cardiff City             3-1  Shrewsbury Town
         Blackpool FC             3-2  Barnet FC
         Brighton & Hove Albion   4-1  Macclesfield Town
         Torquay United           2-2  York City


Matchday 24
[Mon Apr/30]
  19.45  Lincoln City             1-1  Halifax Town


Matchday 39
[Tue May/1]
  19.45  Southend United          1-1  Hull City


Matchday 41
[Tue May/1]
  19.45  Mansfield Town           3-2  Darlington FC


Matchday 19
[Tue May/1]
  19.45  Rochdale AFC             2-1  Plymouth Argyle


Matchday 41
[Tue May/1]
  19.45  Shrewsbury Town          2-0  York City


Matchday 39
[Tue May/1]
  19.45  Brighton & Hove Albion   1-0  Chesterfield FC


Matchday 41
[Wed May/2]
  19.45  Lincoln City             1-1  Carlisle United
[Thu May/3]
  19.45  Halifax Town             0-0  Brighton & Hove Albion


Matchday 46
[Sat May/5]
  15.00  York City                1-0  Kidderminster Harriers
         Barnet FC                2-3  Torquay United
         Carlisle United          0-0  Hull City
         Cheltenham Town          2-1  Southend United
         Chesterfield FC          3-0  Halifax Town
         Darlington FC            1-3  Blackpool FC
         Exeter City              0-0  Lincoln City
         Hartlepool United        3-1  Cardiff City
         Macclesfield Town        0-2  Leyton Orient
         Mansfield Town           1-0  Scunthorpe United
         Plymouth Argyle          0-0  Rochdale AFC
         Shrewsbury Town          3-0  Brighton & Hove Albion


Matchday 43
[Tue May/8]
  19.45  Southend United          3-1  Mansfield Town
