= English Division Two 2002/03

# Date       Sat Aug/10 2002 - Sat May/3 2003 (266d)
# Teams      24
# Matches    552



Matchday 1
[Sat Aug/10]
  15.00  Bristol City             2-0 (0-0)  Blackpool FC
         Cheltenham Town          0-2 (0-2)  Wigan Athletic
         Colchester United        1-0 (0-0)  Stockport County
         Huddersfield Town        0-2 (0-2)  Brentford FC
         Luton Town               2-3 (0-2)  Peterborough United
         Mansfield Town           4-3 (1-1)  Plymouth Argyle
         Northampton Town         1-1 (0-1)  Crewe Alexandra
         Notts County             1-1 (0-0)  Wycombe Wanderers
         Oldham Athletic          1-2 (0-1)  Cardiff City
         Port Vale FC             1-4 (1-2)  Tranmere Rovers
         Queens Park Rangers      3-1 (0-0)  Chesterfield FC
         Swindon Town             3-1 (1-1)  Barnsley FC


Matchday 2
[Tue Aug/13]
  19.45  Barnsley FC              1-1 (0-0)  Cheltenham Town
         Blackpool FC             5-2 (2-1)  Luton Town
         Brentford FC             1-0 (0-0)  Bristol City
         Cardiff City             3-1 (2-1)  Port Vale FC
         Chesterfield FC          2-4 (0-3)  Swindon Town
         Crewe Alexandra          0-3 (0-2)  Notts County
         Peterborough United      0-1 (0-0)  Oldham Athletic
         Plymouth Argyle          2-1 (0-0)  Huddersfield Town
         Stockport County         1-1 (0-0)  Queens Park Rangers
         Tranmere Rovers          1-1 (1-0)  Colchester United
         Wigan Athletic           3-2 (2-1)  Mansfield Town
         Wycombe Wanderers        1-1 (0-0)  Northampton Town


Matchday 3
[Sat Aug/17]
  15.00  Barnsley FC              1-0 (0-0)  Queens Park Rangers
         Blackpool FC             0-0  Swindon Town
         Brentford FC             0-0  Oldham Athletic
         Cardiff City             1-2 (1-1)  Northampton Town
         Chesterfield FC          2-1 (0-0)  Port Vale FC
         Crewe Alexandra          2-0 (1-0)  Colchester United
         Peterborough United      0-1 (0-1)  Huddersfield Town
         Plymouth Argyle          2-1 (0-0)  Luton Town
         Stockport County         0-0  Notts County
         Tranmere Rovers          1-0 (0-0)  Cheltenham Town
         Wigan Athletic           2-0 (0-0)  Bristol City
         Wycombe Wanderers        3-3 (2-1)  Mansfield Town


Matchday 4
[Fri Aug/23]
  19.45  Northampton Town         0-1 (0-0)  Blackpool FC
[Sat Aug/24]
  11.00  Mansfield Town           0-2 (0-1)  Chesterfield FC
  15.00  Bristol City             3-0 (1-0)  Wycombe Wanderers
         Cheltenham Town          1-2 (1-0)  Plymouth Argyle
         Colchester United        0-1 (0-1)  Brentford FC
         Huddersfield Town        1-1 (1-1)  Crewe Alexandra
         Luton Town               2-3 (1-2)  Barnsley FC
         Notts County             0-2 (0-0)  Wigan Athletic
         Oldham Athletic          2-0 (0-0)  Tranmere Rovers
         Port Vale FC             0-1 (0-1)  Stockport County
         Queens Park Rangers      2-0 (0-0)  Peterborough United
         Swindon Town             0-1 (0-1)  Cardiff City


Matchday 5
[Mon Aug/26]
  13.00  Plymouth Argyle          2-0 (0-0)  Bristol City
  15.00  Barnsley FC              0-0  Notts County
         Blackpool FC             0-0  Oldham Athletic
         Brentford FC             3-1 (2-1)  Swindon Town
         Cardiff City             0-0  Luton Town
         Peterborough United      0-1 (0-0)  Colchester United
         Stockport County         2-0 (1-0)  Mansfield Town
         Tranmere Rovers          2-1 (0-1)  Huddersfield Town
         Wigan Athletic           0-1 (0-1)  Port Vale FC
         Wycombe Wanderers        4-1 (1-1)  Queens Park Rangers
[Tue Aug/27]
  19.45  Crewe Alexandra          1-0 (1-0)  Cheltenham Town
         Chesterfield FC          4-0 (3-0)  Northampton Town


Matchday 6
[Sat Aug/31]
  15.00  Bristol City             2-0 (0-0)  Tranmere Rovers
         Cheltenham Town          1-1 (1-1)  Cardiff City
         Colchester United        1-0 (1-0)  Wigan Athletic
         Huddersfield Town        0-0  Blackpool FC
         Luton Town               3-0 (1-0)  Chesterfield FC
         Mansfield Town           0-5 (0-3)  Crewe Alexandra
         Northampton Town         1-0 (0-0)  Barnsley FC
         Notts County             2-2 (1-0)  Brentford FC
         Oldham Athletic          0-2 (0-1)  Wycombe Wanderers
         Port Vale FC             1-0 (0-0)  Peterborough United
         Queens Park Rangers      2-2 (0-1)  Plymouth Argyle
         Swindon Town             0-1 (0-0)  Stockport County


Matchday 7
[Fri Sep/6]
  19.45  Bristol City             3-0 (1-0)  Northampton Town
[Sat Sep/7]
  13.00  Mansfield Town           0-4 (0-1)  Queens Park Rangers
  13.30  Swindon Town             1-2 (1-1)  Port Vale FC
  14.00  Colchester United        1-1 (0-1)  Cheltenham Town
         Wigan Athletic           3-0 (2-0)  Wycombe Wanderers
  15.00  Blackpool FC             3-0 (0-0)  Tranmere Rovers
         Brentford FC             0-0  Luton Town
         Crewe Alexandra          0-0  Chesterfield FC
         Huddersfield Town        1-0 (0-0)  Barnsley FC
         Notts County             1-3 (1-2)  Oldham Athletic


Matchday 8
[Sat Sep/14]
  15.00  Tranmere Rovers          3-1 (1-0)  Brentford FC
         Queens Park Rangers      2-0 (0-0)  Swindon Town
         Barnsley FC              1-1 (1-1)  Plymouth Argyle
         Cardiff City             2-1 (2-1)  Stockport County
         Cheltenham Town          2-3 (2-2)  Bristol City
         Chesterfield FC          0-0  Wigan Athletic
         Luton Town               2-2 (0-2)  Notts County
         Northampton Town         0-0  Huddersfield Town
         Oldham Athletic          6-1 (3-1)  Mansfield Town
         Peterborough United      0-0  Crewe Alexandra
         Port Vale FC             1-0 (0-0)  Colchester United
         Wycombe Wanderers        1-2 (1-2)  Blackpool FC


Matchday 9
[Tue Sep/17]
  19.45  Wycombe Wanderers        1-2 (1-2)  Crewe Alexandra
         Tranmere Rovers          0-2 (0-0)  Wigan Athletic
         Barnsley FC              2-1 (1-1)  Blackpool FC
         Cardiff City             2-0 (1-0)  Brentford FC
         Cheltenham Town          2-0 (1-0)  Swindon Town
         Chesterfield FC          1-0 (1-0)  Stockport County
         Luton Town               2-3 (0-2)  Mansfield Town
         Northampton Town         4-1 (3-1)  Colchester United
         Oldham Athletic          1-0 (0-0)  Bristol City
         Peterborough United      2-0 (0-0)  Plymouth Argyle
         Port Vale FC             3-2 (1-1)  Notts County
         Queens Park Rangers      3-0 (2-0)  Huddersfield Town


Matchday 10
[Sat Sep/21]
  15.00  Wigan Athletic           2-2 (1-0)  Peterborough United
         Stockport County         4-1 (0-1)  Barnsley FC
         Blackpool FC             3-2 (0-1)  Port Vale FC
         Brentford FC             1-0 (0-0)  Wycombe Wanderers
         Bristol City             1-3 (1-1)  Queens Park Rangers
         Colchester United        0-1 (0-0)  Oldham Athletic
         Crewe Alexandra          2-0 (0-0)  Tranmere Rovers
         Huddersfield Town        0-1 (0-0)  Luton Town
         Mansfield Town           0-2 (0-0)  Cheltenham Town
         Notts County             0-1 (0-1)  Cardiff City
         Plymouth Argyle          0-1 (0-0)  Chesterfield FC
         Swindon Town             2-0 (1-0)  Northampton Town


Matchday 7
[Tue Sep/24]
  19.45  Plymouth Argyle          2-2 (1-1)  Cardiff City


Matchday 11
[Sat Sep/28]
  15.00  Wycombe Wanderers        2-1 (1-0)  Plymouth Argyle
         Barnsley FC              1-3 (0-2)  Wigan Athletic
         Cardiff City             2-1 (0-0)  Crewe Alexandra
         Cheltenham Town          1-4 (0-2)  Notts County
         Chesterfield FC          1-0 (0-0)  Blackpool FC
         Luton Town               3-0 (1-0)  Swindon Town
         Northampton Town         2-0 (1-0)  Mansfield Town
         Oldham Athletic          4-0 (2-0)  Huddersfield Town
         Peterborough United      5-1 (1-0)  Brentford FC
         Port Vale FC             2-3 (0-2)  Bristol City
         Queens Park Rangers      2-0 (1-0)  Colchester United
         Tranmere Rovers          1-0 (1-0)  Stockport County


Matchday 12
[Sat Oct/5]
  15.00  Wigan Athletic           2-2 (2-1)  Cardiff City
         Blackpool FC             3-1 (1-1)  Cheltenham Town
         Brentford FC             1-2 (1-1)  Barnsley FC
         Bristol City             4-0 (1-0)  Chesterfield FC
         Colchester United        0-1 (0-1)  Wycombe Wanderers
         Crewe Alexandra          2-0 (1-0)  Queens Park Rangers
         Huddersfield Town        2-2 (2-2)  Port Vale FC
         Mansfield Town           6-1 (0-1)  Tranmere Rovers
         Notts County             2-2 (0-1)  Peterborough United
         Plymouth Argyle          0-0  Northampton Town
         Stockport County         2-3 (2-1)  Luton Town
         Swindon Town             0-1 (0-1)  Oldham Athletic


Matchday 7
[Tue Oct/8]
  19.45  Stockport County         2-1 (1-0)  Peterborough United


Matchday 13
[Sat Oct/12]
  12.00  Peterborough United      0-0  Mansfield Town
  15.00  Barnsley FC              1-4 (0-2)  Bristol City
         Cardiff City             1-0 (0-0)  Wycombe Wanderers
         Chesterfield FC          1-0 (0-0)  Tranmere Rovers
         Huddersfield Town        3-0 (2-0)  Notts County
         Luton Town               2-1 (0-1)  Cheltenham Town
         Northampton Town         1-2 (0-2)  Brentford FC
         Plymouth Argyle          1-3 (1-1)  Wigan Athletic
         Port Vale FC             1-1 (0-0)  Oldham Athletic
         Stockport County         1-4 (0-2)  Crewe Alexandra
         Swindon Town             2-2 (0-1)  Colchester United
[Mon Oct/14]
  19.45  Queens Park Rangers      2-1 (1-0)  Blackpool FC


Matchday 14
[Fri Oct/18]
  19.45  Colchester United        2-0 (0-0)  Chesterfield FC
[Sat Oct/19]
  15.00  Blackpool FC             1-0 (0-0)  Cardiff City
         Brentford FC             1-1 (0-0)  Port Vale FC
         Bristol City             2-0 (2-0)  Swindon Town
         Cheltenham Town          1-1 (0-1)  Queens Park Rangers
         Crewe Alexandra          0-1 (0-1)  Plymouth Argyle
         Mansfield Town           0-2 (0-0)  Huddersfield Town
         Notts County             2-1 (0-0)  Northampton Town
         Oldham Athletic          1-2 (1-1)  Luton Town
         Tranmere Rovers          1-0 (1-0)  Barnsley FC
         Wigan Athletic           2-1 (0-1)  Stockport County
         Wycombe Wanderers        3-2 (2-1)  Peterborough United


Matchday 15
[Sat Oct/26]
  15.00  Barnsley FC              1-1 (1-1)  Wycombe Wanderers
         Chesterfield FC          0-0  Notts County
         Huddersfield Town        1-1 (0-1)  Colchester United
         Luton Town               1-1 (1-0)  Wigan Athletic
         Northampton Town         1-2 (1-1)  Cheltenham Town
         Peterborough United      1-3 (1-2)  Bristol City
         Plymouth Argyle          1-3 (0-2)  Blackpool FC
         Port Vale FC             1-2 (0-1)  Crewe Alexandra
         Queens Park Rangers      1-2 (1-2)  Oldham Athletic
         Stockport County         2-3 (1-1)  Brentford FC
         Swindon Town             2-1 (1-1)  Mansfield Town
  17.35  Cardiff City             4-0 (2-0)  Tranmere Rovers


Matchday 16
[Tue Oct/29]
  19.45  Blackpool FC             1-3 (0-0)  Stockport County
         Brentford FC             0-0  Plymouth Argyle
         Bristol City             1-0 (1-0)  Huddersfield Town
         Cheltenham Town          0-1 (0-1)  Port Vale FC
         Colchester United        1-1 (1-1)  Barnsley FC
         Crewe Alexandra          0-1 (0-0)  Luton Town
         Mansfield Town           0-1 (0-0)  Cardiff City
         Notts County             1-1 (0-1)  Swindon Town
         Oldham Athletic          4-0 (1-0)  Northampton Town
         Tranmere Rovers          1-1 (0-0)  Peterborough United
         Wigan Athletic           1-1 (1-1)  Queens Park Rangers
         Wycombe Wanderers        2-0 (0-0)  Chesterfield FC


Matchday 17
[Fri Nov/1]
  19.45  Mansfield Town           4-2 (3-2)  Colchester United
[Sat Nov/2]
  12.15  Chesterfield FC          1-0 (1-0)  Barnsley FC
  15.00  Brentford FC             5-0 (2-0)  Blackpool FC
         Cardiff City             3-0 (1-0)  Peterborough United
         Cheltenham Town          1-0 (0-0)  Huddersfield Town
         Northampton Town         3-0 (2-0)  Luton Town
         Oldham Athletic          2-0 (1-0)  Stockport County
         Port Vale FC             0-0  Queens Park Rangers
         Tranmere Rovers          2-1 (0-1)  Plymouth Argyle
         Wigan Athletic           2-0 (2-0)  Crewe Alexandra
         Wycombe Wanderers        2-3 (1-1)  Swindon Town


Matchday 18
[Sat Nov/9]
  17.35  Blackpool FC             0-2 (0-1)  Wigan Athletic
  15.00  Barnsley FC              3-2 (2-2)  Cardiff City
         Colchester United        2-2 (0-1)  Bristol City
         Crewe Alexandra          2-1 (1-0)  Brentford FC
         Huddersfield Town        0-0  Wycombe Wanderers
         Luton Town               0-0  Port Vale FC
         Notts County             2-2 (0-1)  Mansfield Town
         Peterborough United      1-0 (0-0)  Chesterfield FC
         Plymouth Argyle          2-2 (2-0)  Oldham Athletic
         Queens Park Rangers      0-1 (0-0)  Northampton Town
         Stockport County         1-1 (1-1)  Cheltenham Town
         Swindon Town             1-1 (1-0)  Tranmere Rovers


Matchday 19
[Sat Nov/23]
  15.00  Notts County             2-3 (2-2)  Colchester United
         Brentford FC             0-1 (0-1)  Wigan Athletic
         Crewe Alexandra          3-0 (1-0)  Blackpool FC
         Huddersfield Town        2-3 (1-2)  Swindon Town
         Luton Town               0-0  Queens Park Rangers
         Mansfield Town           4-5 (1-1)  Bristol City
         Northampton Town         3-0 (1-0)  Port Vale FC
         Plymouth Argyle          4-1 (3-1)  Stockport County
         Oldham Athletic          0-0  Cheltenham Town
         Peterborough United      1-3 (0-2)  Barnsley FC
         Wycombe Wanderers        1-3 (0-0)  Tranmere Rovers
[Sun Nov/24]
  15.00  Cardiff City             1-0 (1-0)  Chesterfield FC


Matchday 20
[Fri Nov/29]
  19.45  Queens Park Rangers      0-4 (0-0)  Cardiff City
[Sat Nov/30]
  15.00  Wigan Athletic           1-0 (1-0)  Northampton Town
         Barnsley FC              2-2 (1-1)  Oldham Athletic
         Blackpool FC             1-1 (1-0)  Notts County
         Bristol City             2-2 (0-2)  Crewe Alexandra
         Cheltenham Town          1-0 (0-0)  Brentford FC
         Chesterfield FC          1-0 (1-0)  Huddersfield Town
         Colchester United        0-0  Plymouth Argyle
         Port Vale FC             4-2 (2-1)  Mansfield Town
         Stockport County         2-1 (2-0)  Wycombe Wanderers
         Swindon Town             1-1 (0-0)  Peterborough United
         Tranmere Rovers          1-3 (1-0)  Luton Town


Matchday 17
[Tue Dec/3]
  19.45  Bristol City             3-2 (1-1)  Notts County


Matchday 21
[Sat Dec/14]
  15.00  Brentford FC             2-1 (1-1)  Chesterfield FC
         Crewe Alexandra          2-0 (1-0)  Barnsley FC
         Huddersfield Town        2-1 (1-0)  Stockport County
         Luton Town               1-2 (1-1)  Colchester United
         Mansfield Town           4-0 (1-0)  Blackpool FC
         Northampton Town         0-4 (0-1)  Tranmere Rovers
         Notts County             3-0 (2-0)  Queens Park Rangers
         Oldham Athletic          0-2 (0-1)  Wigan Athletic
         Peterborough United      4-1 (3-0)  Cheltenham Town
         Plymouth Argyle          1-1 (0-0)  Swindon Town
         Wycombe Wanderers        3-1 (1-0)  Port Vale FC
  17.35  Cardiff City             0-2 (0-0)  Bristol City


Matchday 22
[Fri Dec/20]
  19.45  Stockport County         4-0 (1-0)  Northampton Town
         Colchester United        1-2 (0-1)  Cardiff City
[Sat Dec/21]
  15.00  Barnsley FC              0-1 (0-0)  Mansfield Town
         Blackpool FC             3-0 (2-0)  Peterborough United
         Bristol City             1-1 (0-0)  Luton Town
         Cheltenham Town          0-0  Wycombe Wanderers
         Chesterfield FC          0-1 (0-1)  Oldham Athletic
         Port Vale FC             1-2 (1-2)  Plymouth Argyle
         Queens Park Rangers      1-1 (1-1)  Brentford FC
         Swindon Town             1-3 (0-2)  Crewe Alexandra
         Tranmere Rovers          2-2 (2-1)  Notts County
         Wigan Athletic           1-0 (1-0)  Huddersfield Town


Matchday 23
[Thu Dec/26]
  12.00  Bristol City             0-0  Plymouth Argyle
         Luton Town               2-0 (0-0)  Cardiff City
         Queens Park Rangers      2-1 (2-0)  Wycombe Wanderers
  13.00  Mansfield Town           4-2 (1-2)  Stockport County
         Oldham Athletic          1-1 (1-1)  Blackpool FC
  15.00  Cheltenham Town          0-4 (0-3)  Crewe Alexandra
         Colchester United        1-1 (1-0)  Peterborough United
         Huddersfield Town        1-2 (0-0)  Tranmere Rovers
         Northampton Town         0-1 (0-0)  Chesterfield FC
         Notts County             3-2 (1-1)  Barnsley FC
         Port Vale FC             0-1 (0-0)  Wigan Athletic
         Swindon Town             2-1 (1-0)  Brentford FC


Matchday 24
[Sat Dec/28]
  12.00  Peterborough United      0-0  Northampton Town
  15.00  Barnsley FC              2-1 (1-1)  Port Vale FC
         Blackpool FC             3-1 (2-0)  Colchester United
         Brentford FC             1-0 (0-0)  Mansfield Town
         Chesterfield FC          2-2 (0-0)  Cheltenham Town
         Plymouth Argyle          1-0 (0-0)  Notts County
         Stockport County         1-4 (0-3)  Bristol City
         Tranmere Rovers          3-0 (0-0)  Queens Park Rangers
         Wigan Athletic           2-0 (1-0)  Swindon Town
         Wycombe Wanderers        1-2 (0-2)  Luton Town
[Sun Dec/29]
  15.00  Crewe Alexandra          1-2 (0-1)  Oldham Athletic
         Cardiff City             4-0 (2-0)  Huddersfield Town


Matchday 25
[Wed Jan/1]
  13.00  Blackpool FC             1-1 (0-0)  Huddersfield Town
  15.00  Barnsley FC              1-2 (1-1)  Northampton Town
         Cardiff City             1-1 (0-0)  Swindon Town
         Chesterfield FC          2-1 (0-1)  Luton Town
         Crewe Alexandra          2-0 (0-0)  Mansfield Town
         Peterborough United      0-2 (0-1)  Queens Park Rangers
         Plymouth Argyle          3-1 (2-1)  Cheltenham Town
         Stockport County         1-1 (1-0)  Port Vale FC
         Tranmere Rovers          1-2 (0-1)  Oldham Athletic
         Wigan Athletic           3-1 (1-0)  Notts County
         Wycombe Wanderers        2-1 (0-0)  Bristol City


Matchday 26
[Sat Jan/4]
  15.00  Colchester United        2-2 (1-1)  Tranmere Rovers
         Northampton Town         0-5 (0-2)  Wycombe Wanderers
         Oldham Athletic          0-0  Peterborough United
         Queens Park Rangers      1-0 (0-0)  Stockport County
         Swindon Town             3-0 (1-0)  Chesterfield FC


Matchday 27
[Fri Jan/10]
  19.45  Bristol City             0-1 (0-0)  Wigan Athletic
[Sat Jan/11]
  15.00  Huddersfield Town        0-1 (0-0)  Peterborough United
         Colchester United        1-2 (1-0)  Crewe Alexandra
         Queens Park Rangers      1-0 (1-0)  Barnsley FC
         Mansfield Town           0-0  Wycombe Wanderers
[Tue Jan/14]
  19.45  Oldham Athletic          2-1 (1-1)  Brentford FC


Matchday 28
[Sat Jan/18]
  15.00  Tranmere Rovers          1-1 (0-1)  Bristol City
         Stockport County         2-5 (0-2)  Swindon Town
         Plymouth Argyle          0-1 (0-0)  Queens Park Rangers
         Peterborough United      1-2 (0-0)  Port Vale FC
         Crewe Alexandra          1-0 (0-0)  Huddersfield Town
         Brentford FC             1-1 (0-1)  Notts County
         Blackpool FC             2-1 (0-1)  Northampton Town
         Cardiff City             2-1 (2-1)  Cheltenham Town
         Barnsley FC              2-3 (1-1)  Luton Town
  11.00  Chesterfield FC          1-2 (1-1)  Mansfield Town
  15.00  Wycombe Wanderers        2-2 (0-1)  Oldham Athletic
         Wigan Athletic           2-1 (1-0)  Colchester United


Matchday 27
[Tue Jan/21]
  19.45  Notts County             3-2 (0-2)  Stockport County
[Wed Jan/22]
  19.45  Swindon Town             1-1 (1-0)  Blackpool FC


Matchday 29
[Sat Jan/25]
  15.00  Cheltenham Town          0-0  Chesterfield FC
         Bristol City             1-1 (0-1)  Stockport County
         Colchester United        0-2 (0-0)  Blackpool FC
         Huddersfield Town        1-0 (0-0)  Cardiff City
         Swindon Town             2-1 (2-0)  Wigan Athletic
         Luton Town               1-0 (0-0)  Wycombe Wanderers
         Notts County             0-2 (0-1)  Plymouth Argyle
         Oldham Athletic          1-3 (0-0)  Crewe Alexandra
         Port Vale FC             0-0  Barnsley FC
         Queens Park Rangers      1-2 (0-0)  Tranmere Rovers
  12.00  Northampton Town         0-1 (0-0)  Peterborough United


Matchday 26
[Tue Jan/28]
  19.45  Mansfield Town           1-2 (0-2)  Wigan Athletic


Matchday 30
[Fri Jan/31]
  19.45  Cardiff City             1-1 (1-0)  Oldham Athletic
[Sat Feb/1]
  15.00  Blackpool FC             0-0  Bristol City
         Plymouth Argyle          3-1 (1-1)  Mansfield Town
         Barnsley FC              1-1 (1-1)  Swindon Town
  12.00  Peterborough United      1-1 (1-1)  Luton Town
  15.00  Wycombe Wanderers        3-1 (2-0)  Notts County
         Wigan Athletic           0-0  Cheltenham Town
         Tranmere Rovers          1-0 (1-0)  Port Vale FC
         Crewe Alexandra          3-3 (2-1)  Northampton Town
         Stockport County         1-1 (1-0)  Colchester United
[Sun Feb/2]
  14.00  Chesterfield FC          2-4 (1-2)  Queens Park Rangers


Matchday 29
[Tue Feb/4]
  19.45  Mansfield Town           0-0  Brentford FC


Matchday 26
[Tue Feb/4]
  19.45  Notts County             2-2 (0-2)  Crewe Alexandra
         Huddersfield Town        1-0 (0-0)  Plymouth Argyle


Matchday 27
[Tue Feb/4]
  19.45  Northampton Town         0-1 (0-0)  Cardiff City
         Cheltenham Town          3-1 (1-0)  Tranmere Rovers


Matchday 31
[Sat Feb/8]
  15.00  Port Vale FC             1-2 (0-0)  Luton Town
         Oldham Athletic          0-1 (0-1)  Plymouth Argyle
         Northampton Town         1-1 (1-0)  Queens Park Rangers
         Wycombe Wanderers        0-0  Huddersfield Town
         Tranmere Rovers          0-1 (0-0)  Swindon Town
         Wigan Athletic           1-1 (1-0)  Blackpool FC
         Mansfield Town           3-2 (0-0)  Notts County
         Chesterfield FC          0-0  Peterborough United
         Brentford FC             1-2 (1-0)  Crewe Alexandra
         Bristol City             1-2 (0-1)  Colchester United
         Cardiff City             1-1 (0-0)  Barnsley FC
         Cheltenham Town          0-2 (0-0)  Stockport County


Matchday 27
[Tue Feb/11]
  19.45  Port Vale FC             5-2 (4-2)  Chesterfield FC


Matchday 26
[Tue Feb/11]
  19.45  Bristol City             0-0  Brentford FC
         Luton Town               1-3 (0-1)  Blackpool FC


Matchday 32
[Fri Feb/14]
  19.45  Colchester United        1-0 (0-0)  Mansfield Town
[Sat Feb/15]
  15.00  Stockport County         1-2 (0-1)  Oldham Athletic
         Notts County             2-0 (0-0)  Bristol City
         Swindon Town             0-3 (0-1)  Wycombe Wanderers
         Queens Park Rangers      4-0 (0-0)  Port Vale FC
         Blackpool FC             1-0 (1-0)  Brentford FC
         Barnsley FC              2-1 (2-1)  Chesterfield FC
         Luton Town               3-2 (1-1)  Northampton Town
         Huddersfield Town        3-3 (0-2)  Cheltenham Town
         Plymouth Argyle          0-1 (0-0)  Tranmere Rovers


Matchday 26
[Tue Feb/18]
  19.45  Cheltenham Town          1-3 (1-1)  Barnsley FC


Matchday 33
[Fri Feb/21]
  19.45  Cardiff City             1-1 (1-0)  Plymouth Argyle
[Sat Feb/22]
  15.00  Tranmere Rovers          2-1 (1-0)  Blackpool FC
         Queens Park Rangers      2-2 (1-1)  Mansfield Town
         Peterborough United      2-0 (0-0)  Stockport County
         Oldham Athletic          1-1 (1-0)  Notts County
         Port Vale FC             1-1 (0-0)  Swindon Town
         Wycombe Wanderers        0-2 (0-1)  Wigan Athletic
         Barnsley FC              0-1 (0-1)  Huddersfield Town
         Cheltenham Town          1-1 (1-1)  Colchester United
         Chesterfield FC          0-2 (0-1)  Crewe Alexandra
         Luton Town               0-1 (0-0)  Brentford FC
         Northampton Town         1-2 (1-2)  Bristol City


Matchday 32
[Tue Feb/25]
  19.45  Crewe Alexandra          0-1 (0-1)  Wigan Athletic


Matchday 30
[Tue Feb/25]
  19.45  Brentford FC             1-0 (0-0)  Huddersfield Town


Matchday 26
[Tue Feb/25]
  19.45  Port Vale FC             0-2 (0-1)  Cardiff City


Matchday 27
[Tue Feb/25]
  19.45  Luton Town               1-0 (0-0)  Plymouth Argyle


Matchday 34
[Sat Mar/1]
  15.00  Swindon Town             3-1 (1-1)  Queens Park Rangers
         Notts County             2-1 (0-0)  Luton Town
  13.00  Stockport County         1-1 (1-0)  Cardiff City
  15.00  Blackpool FC             1-0 (1-0)  Wycombe Wanderers
         Brentford FC             1-2 (0-1)  Tranmere Rovers
         Bristol City             3-1 (2-1)  Cheltenham Town
         Colchester United        4-1 (2-0)  Port Vale FC
         Crewe Alexandra          0-1 (0-0)  Peterborough United
         Huddersfield Town        2-0 (2-0)  Northampton Town
         Mansfield Town           0-1 (0-0)  Oldham Athletic
         Plymouth Argyle          1-1 (1-0)  Barnsley FC
         Wigan Athletic           3-1 (2-0)  Chesterfield FC


Matchday 35
[Tue Mar/4]
  19.45  Stockport County         2-1 (1-1)  Chesterfield FC
         Bristol City             2-0 (0-0)  Oldham Athletic
         Blackpool FC             1-2 (0-1)  Barnsley FC
         Brentford FC             0-2 (0-0)  Cardiff City
         Plymouth Argyle          6-1 (4-0)  Peterborough United
         Colchester United        2-0 (1-0)  Northampton Town
         Crewe Alexandra          4-2 (2-1)  Wycombe Wanderers
         Huddersfield Town        0-3 (0-2)  Queens Park Rangers
         Mansfield Town           3-2 (2-1)  Luton Town
         Notts County             1-0 (0-0)  Port Vale FC
         Wigan Athletic           0-0  Tranmere Rovers


Matchday 36
[Sat Mar/8]
  15.00  Queens Park Rangers      1-0 (1-0)  Bristol City
         Wycombe Wanderers        4-0 (2-0)  Brentford FC
         Port Vale FC             1-0 (0-0)  Blackpool FC
         Barnsley FC              1-0 (1-0)  Stockport County
         Cardiff City             0-2 (0-0)  Notts County
         Cheltenham Town          3-1 (2-0)  Mansfield Town
         Chesterfield FC          3-2 (2-1)  Plymouth Argyle
         Luton Town               3-0 (0-0)  Huddersfield Town
         Northampton Town         1-0 (0-0)  Swindon Town
         Oldham Athletic          2-0 (2-0)  Colchester United
         Peterborough United      1-1 (0-0)  Wigan Athletic
         Tranmere Rovers          2-1 (1-0)  Crewe Alexandra


Matchday 25
[Tue Mar/11]
  19.45  Brentford FC             1-1 (1-0)  Colchester United


Matchday 35
[Wed Mar/12]
  19.45  Swindon Town             0-3 (0-2)  Cheltenham Town


Matchday 37
[Fri Mar/14]
  19.45  Tranmere Rovers          3-3 (0-1)  Cardiff City
[Sat Mar/15]
  15.00  Wycombe Wanderers        2-2 (1-0)  Barnsley FC
         Blackpool FC             1-1 (1-1)  Plymouth Argyle
         Brentford FC             1-2 (1-0)  Stockport County
         Bristol City             1-0 (1-0)  Peterborough United
         Cheltenham Town          1-1 (0-0)  Northampton Town
         Colchester United        2-0 (0-0)  Huddersfield Town
         Crewe Alexandra          1-1 (0-0)  Port Vale FC
         Mansfield Town           2-1 (2-1)  Swindon Town
         Notts County             1-1 (0-1)  Chesterfield FC
         Oldham Athletic          0-0  Queens Park Rangers
         Wigan Athletic           1-1 (0-0)  Luton Town


Matchday 38
[Tue Mar/18]
  19.45  Barnsley FC              1-1 (1-0)  Tranmere Rovers
         Stockport County         1-1 (0-0)  Wigan Athletic
         Cardiff City             2-1 (1-1)  Blackpool FC
         Chesterfield FC          0-4 (0-1)  Colchester United
         Huddersfield Town        1-1 (0-0)  Mansfield Town
         Luton Town               0-0  Oldham Athletic
         Northampton Town         2-0 (1-0)  Notts County
         Peterborough United      1-2 (1-1)  Wycombe Wanderers
         Plymouth Argyle          1-3 (0-2)  Crewe Alexandra
         Port Vale FC             1-0 (1-0)  Brentford FC
         Queens Park Rangers      4-1 (2-1)  Cheltenham Town
[Wed Mar/19]
  19.45  Swindon Town             1-1 (0-0)  Bristol City


Matchday 39
[Fri Mar/21]
  19.45  Cardiff City             1-0 (0-0)  Mansfield Town
[Sat Mar/22]
  15.00  Swindon Town             5-0 (1-0)  Notts County
         Barnsley FC              1-1 (1-1)  Colchester United
         Chesterfield FC          4-0 (1-0)  Wycombe Wanderers
         Huddersfield Town        1-2 (1-2)  Bristol City
         Luton Town               0-4 (0-2)  Crewe Alexandra
         Northampton Town         0-2 (0-0)  Oldham Athletic
         Peterborough United      0-0  Tranmere Rovers
         Plymouth Argyle          3-0 (2-0)  Brentford FC
         Port Vale FC             1-2 (0-1)  Cheltenham Town
         Queens Park Rangers      0-1 (0-0)  Wigan Athletic
         Stockport County         2-2 (1-2)  Blackpool FC


Matchday 40
[Sat Mar/29]
  15.00  Notts County             3-2 (1-2)  Huddersfield Town
         Blackpool FC             1-3 (0-1)  Queens Park Rangers
         Brentford FC             3-0 (0-0)  Northampton Town
         Bristol City             2-0 (1-0)  Barnsley FC
         Colchester United        1-0 (0-0)  Swindon Town
         Crewe Alexandra          1-0 (0-0)  Stockport County
         Mansfield Town           1-5 (1-3)  Peterborough United
         Tranmere Rovers          2-1 (1-0)  Chesterfield FC
         Oldham Athletic          1-1 (1-1)  Port Vale FC
         Wigan Athletic           0-1 (0-1)  Plymouth Argyle


Matchday 41
[Fri Apr/4]
  19.45  Northampton Town         0-2 (0-2)  Wigan Athletic
[Sat Apr/5]
  15.00  Wycombe Wanderers        1-4 (0-0)  Stockport County
         Luton Town               0-0  Tranmere Rovers
         Plymouth Argyle          0-0  Colchester United
         Brentford FC             2-2 (0-2)  Cheltenham Town
         Cardiff City             1-2 (0-0)  Queens Park Rangers
         Huddersfield Town        4-0 (2-0)  Chesterfield FC
         Peterborough United      1-1 (1-0)  Swindon Town
         Mansfield Town           0-1 (0-1)  Port Vale FC
         Notts County             3-1 (0-1)  Blackpool FC
         Oldham Athletic          2-1 (1-1)  Barnsley FC


Matchday 40
[Tue Apr/8]
  19.45  Cheltenham Town          2-2 (1-2)  Luton Town
         Wycombe Wanderers        0-4 (0-1)  Cardiff City


Matchday 42
[Sat Apr/12]
  15.00  Tranmere Rovers          1-0 (0-0)  Wycombe Wanderers
         Wigan Athletic           2-0 (0-0)  Brentford FC
  14.00  Cheltenham Town          1-1 (1-1)  Oldham Athletic
  15.00  Barnsley FC              1-2 (1-0)  Peterborough United
         Blackpool FC             0-1 (0-0)  Crewe Alexandra
         Bristol City             5-2 (2-1)  Mansfield Town
         Colchester United        1-1 (1-1)  Notts County
         Port Vale FC             3-2 (1-0)  Northampton Town
         Queens Park Rangers      2-0 (1-0)  Luton Town
         Stockport County         2-1 (1-0)  Plymouth Argyle
         Swindon Town             0-1 (0-0)  Huddersfield Town
[Sun Apr/13]
  12.00  Chesterfield FC          0-3 (0-2)  Cardiff City


Matchday 41
[Tue Apr/15]
  19.45  Crewe Alexandra          1-1 (1-0)  Bristol City


Matchday 32
[Wed Apr/16]
  19.45  Peterborough United      2-0 (1-0)  Cardiff City


Matchday 43
[Fri Apr/18]
  19.45  Northampton Town         0-3 (0-3)  Stockport County
[Sat Apr/19]
  15.00  Brentford FC             1-2 (0-1)  Queens Park Rangers
         Cardiff City             0-3 (0-1)  Colchester United
         Crewe Alexandra          0-1 (0-0)  Swindon Town
         Huddersfield Town        0-0  Wigan Athletic
         Luton Town               2-2 (1-0)  Bristol City
         Mansfield Town           0-1 (0-1)  Barnsley FC
         Notts County             0-1 (0-0)  Tranmere Rovers
         Oldham Athletic          4-0 (2-0)  Chesterfield FC
         Peterborough United      1-0 (1-0)  Blackpool FC
         Plymouth Argyle          3-0 (0-0)  Port Vale FC
         Wycombe Wanderers        1-1 (1-0)  Cheltenham Town


Matchday 44
[Mon Apr/21]
  15.00  Barnsley FC              1-2 (1-1)  Crewe Alexandra
         Blackpool FC             3-3 (2-1)  Mansfield Town
         Cheltenham Town          1-1 (0-0)  Peterborough United
         Chesterfield FC          0-2 (0-1)  Brentford FC
         Colchester United        0-5 (0-4)  Luton Town
         Port Vale FC             1-1 (1-0)  Wycombe Wanderers
         Queens Park Rangers      2-0 (1-0)  Notts County
         Stockport County         2-1 (0-1)  Huddersfield Town
         Tranmere Rovers          4-0 (0-0)  Northampton Town
         Wigan Athletic           3-1 (1-1)  Oldham Athletic
[Tue Apr/22]
  19.45  Bristol City             2-0 (0-0)  Cardiff City
[Wed Apr/23]
  19.45  Swindon Town             2-0 (1-0)  Plymouth Argyle


Matchday 45
[Sat Apr/26]
  15.00  Barnsley FC              1-0 (0-0)  Brentford FC
         Cardiff City             0-0  Wigan Athletic
         Cheltenham Town          3-0 (2-0)  Blackpool FC
         Chesterfield FC          2-0 (0-0)  Bristol City
         Luton Town               1-1 (0-0)  Stockport County
         Northampton Town         2-2 (0-1)  Plymouth Argyle
         Oldham Athletic          4-0 (2-0)  Swindon Town
         Peterborough United      1-0 (0-0)  Notts County
         Port Vale FC             5-1 (2-1)  Huddersfield Town
         Queens Park Rangers      0-0  Crewe Alexandra
         Wycombe Wanderers        0-0  Colchester United
[Tue Apr/29]
  19.45  Tranmere Rovers          3-1 (1-0)  Mansfield Town


Matchday 46
[Sat May/3]
  15.00  Blackpool FC             1-1 (0-1)  Chesterfield FC
         Brentford FC             1-1 (0-0)  Peterborough United
         Bristol City             2-0 (2-0)  Port Vale FC
         Colchester United        0-1 (0-0)  Queens Park Rangers
         Crewe Alexandra          1-1 (1-0)  Cardiff City
         Huddersfield Town        1-1 (1-0)  Oldham Athletic
         Mansfield Town           2-1 (0-1)  Northampton Town
         Notts County             1-0 (1-0)  Cheltenham Town
         Plymouth Argyle          1-0 (0-0)  Wycombe Wanderers
         Stockport County         2-3 (2-0)  Tranmere Rovers
         Swindon Town             2-1 (2-1)  Luton Town
         Wigan Athletic           1-0 (1-0)  Barnsley FC
