= English Premier League 2019/20


Matchday 1
[Fri Aug/9]
  FC Liverpool            4-1 Norwich City
[Sat Aug/10]
  West Ham United         0-5 Manchester City
  Crystal Palace          0-0 FC Everton
  FC Watford              0-3 Brighton & Hove Albion
  FC Burnley              3-0 FC Southampton
  AFC Bournemouth         3-0 Sheffield United
  Tottenham Hotspur       3-1 Aston Villa
[Sun Aug/11]
  Newcastle United        0-1 FC Arsenal
  Manchester United       4-0 FC Chelsea
  Leicester City          0-0 Wolverhampton Wanderers


Matchday 2
[Sat Aug/17]
  FC Arsenal              2-1 FC Burnley
  Aston Villa             1-2 AFC Bournemouth
  FC Everton              1-0 FC Watford
  FC Southampton          1-2 FC Liverpool
  Manchester City         2-2 Tottenham Hotspur
  Norwich City            3-1 Newcastle United
  Brighton & Hove Albion  1-1 West Ham United
[Sun Aug/18]
  FC Chelsea              1-1 Leicester City
  Sheffield United        1-0 Crystal Palace
[Mon Aug/19]
  Wolverhampton Wanderers 1-1 Manchester United


Matchday 3
[Fri Aug/23]
  Aston Villa             2-0 FC Everton
[Sat Aug/24]
  FC Liverpool            3-1 FC Arsenal
  Manchester United       1-2 Crystal Palace
  FC Watford              1-3 West Ham United
  Sheffield United        1-2 Leicester City
  Norwich City            2-3 FC Chelsea
  Brighton & Hove Albion  0-2 FC Southampton
[Sun Aug/25]
  AFC Bournemouth         1-3 Manchester City
  Tottenham Hotspur       0-1 Newcastle United
  Wolverhampton Wanderers 1-1 FC Burnley


Matchday 4
[Sat Aug/31]
  FC Chelsea              2-2 Sheffield United
  Crystal Palace          1-0 Aston Villa
  Leicester City          3-1 AFC Bournemouth
  Newcastle United        1-1 FC Watford
  FC Southampton          1-1 Manchester United
  West Ham United         2-0 Norwich City
  Manchester City         4-0 Brighton & Hove Albion
  FC Burnley              0-3 FC Liverpool
[Sun Sep/1]
  FC Arsenal              2-2 Tottenham Hotspur
  FC Everton              3-2 Wolverhampton Wanderers


Matchday 5
[Sat Sep/14]
  FC Liverpool            3-1 Newcastle United
  Manchester United       1-0 Leicester City
  Tottenham Hotspur       4-0 Crystal Palace
  Wolverhampton Wanderers 2-5 FC Chelsea
  Sheffield United        0-1 FC Southampton
  Norwich City            3-2 Manchester City
  Brighton & Hove Albion  1-1 FC Burnley
[Sun Sep/15]
  AFC Bournemouth         3-1 FC Everton
  FC Watford              2-2 FC Arsenal
[Mon Sep/16]
  Aston Villa             0-0 West Ham United


Matchday 6
[Fri Sep/20]
  FC Southampton          1-3 AFC Bournemouth
[Sat Sep/21]
  FC Everton              0-2 Sheffield United
  Leicester City          2-1 Tottenham Hotspur
  Newcastle United        0-0 Brighton & Hove Albion
  Manchester City         8-0 FC Watford
  FC Burnley              2-0 Norwich City
[Sun Sep/22]
  Crystal Palace          1-1 Wolverhampton Wanderers
  FC Arsenal              3-2 Aston Villa
  FC Chelsea              1-2 FC Liverpool
  West Ham United         2-0 Manchester United


Matchday 7
[Sat Sep/28]
  Aston Villa             2-2 FC Burnley
  FC Chelsea              2-0 Brighton & Hove Albion
  Crystal Palace          2-0 Norwich City
  FC Everton              1-3 Manchester City
  Tottenham Hotspur       2-1 FC Southampton
  Wolverhampton Wanderers 2-0 FC Watford
  Sheffield United        0-1 FC Liverpool
  AFC Bournemouth         2-2 West Ham United
[Sun Sep/29]
  Leicester City          5-0 Newcastle United
[Mon Sep/30]
  Manchester United       1-1 FC Arsenal


Matchday 8
[Sat Oct/5]
  FC Liverpool            2-1 Leicester City
  West Ham United         1-2 Crystal Palace
  FC Watford              0-0 Sheffield United
  Norwich City            1-5 Aston Villa
  FC Burnley              1-0 FC Everton
  Brighton & Hove Albion  3-0 Tottenham Hotspur
[Sun Oct/6]
  Newcastle United        1-0 Manchester United
  FC Southampton          1-4 FC Chelsea
  FC Arsenal              1-0 AFC Bournemouth
  Manchester City         0-2 Wolverhampton Wanderers


Matchday 9
[Sat Oct/19]
  Aston Villa             1-0 Brighton & Hove Albion
  FC Chelsea              1-0 Newcastle United
  FC Everton              2-0 West Ham United
  Leicester City          2-1 FC Burnley
  Tottenham Hotspur       1-1 FC Watford
  Wolverhampton Wanderers 1-1 FC Southampton
  AFC Bournemouth         0-0 Norwich City
  Crystal Palace          0-2 Manchester City
[Sun Oct/20]
  Manchester United       1-1 FC Liverpool
[Mon Oct/21]
  Sheffield United        - FC Arsenal


Matchday 10
[Fri Oct/25]
  FC Southampton          - Leicester City
[Sat Oct/26]
  West Ham United         - Sheffield United
  Manchester City         - Aston Villa
  FC Watford              - AFC Bournemouth
  FC Burnley              - FC Chelsea
  Brighton & Hove Albion  - FC Everton
[Sun Oct/27]
  FC Arsenal              - Crystal Palace
  FC Liverpool            - Tottenham Hotspur
  Newcastle United        - Wolverhampton Wanderers
  Norwich City            - Manchester United


Matchday 11
[Sat Nov/2]
  FC Arsenal              - Wolverhampton Wanderers
  Aston Villa             - FC Liverpool
  West Ham United         - Newcastle United
  Manchester City         - FC Southampton
  FC Watford              - FC Chelsea
  Sheffield United        - FC Burnley
  AFC Bournemouth         - Manchester United
  Brighton & Hove Albion  - Norwich City
[Sun Nov/3]
  Crystal Palace          - Leicester City
  FC Everton              - Tottenham Hotspur
  

Matchday 12
[Fri Nov/8]
  Norwich City            - FC Watford
[Sat Nov/9]
  FC Chelsea              - Crystal Palace
  Leicester City          - FC Arsenal
  FC Burnley              - West Ham United
  Newcastle United        - AFC Bournemouth
  FC Southampton          - FC Everton
  Tottenham Hotspur       - Sheffield United
 [Sun Nov/10]
  FC Liverpool            - Manchester City
  Manchester United       - Brighton & Hove Albion
  Wolverhampton Wanderers - Aston Villa
  
  

Matchday 13
[Sat Nov/23]
  FC Arsenal              - FC Southampton
  Crystal Palace          - FC Liverpool
  FC Everton              - Norwich City
  West Ham United         - Tottenham Hotspur
  Manchester City         - FC Chelsea
  FC Watford              - FC Burnley
  AFC Bournemouth         - Wolverhampton Wanderers
  Brighton & Hove Albion  - Leicester City
[Sun Nov/24]
  Sheffield United        - Manchester United
[Mon Nov/25]
  Aston Villa             - Newcastle United
  
  
Matchday 14
[Sat Nov/30]
  FC Chelsea              - West Ham United
  Leicester City          - FC Everton
  FC Liverpool            - Brighton & Hove Albion
  Manchester United       - Aston Villa
  Newcastle United        - Manchester City
  FC Southampton          - FC Watford
  Tottenham Hotspur       - AFC Bournemouth
  Wolverhampton Wanderers - Sheffield United
  Norwich City            - FC Arsenal
  FC Burnley              - Crystal Palace


Matchday 15
[Tue Dec/3]
  FC Arsenal              - Brighton & Hove Albion
  Leicester City          - FC Watford
  Manchester United       - Tottenham Hotspur
  Wolverhampton Wanderers - West Ham United
  Sheffield United        - Newcastle United
  FC Burnley              - Manchester City
[Wed Dec/4]
  FC Chelsea              - Aston Villa
  Crystal Palace          - AFC Bournemouth
  FC Liverpool            - FC Everton
  FC Southampton          - Norwich City


Matchday 16
[Sat Dec/7]
  Aston Villa             - Leicester City
  FC Everton              - FC Chelsea
  Newcastle United        - FC Southampton
  Tottenham Hotspur       - FC Burnley
  West Ham United         - FC Arsenal
  Manchester City         - Manchester United
  FC Watford              - Crystal Palace
  Norwich City            - Sheffield United
  AFC Bournemouth         - FC Liverpool
  Brighton & Hove Albion  - Wolverhampton Wanderers


Matchday 17
[Sat Dec/14]
  FC Arsenal              - Manchester City
  FC Chelsea              - AFC Bournemouth
  Crystal Palace          - Brighton & Hove Albion
  Leicester City          - Norwich City
  FC Liverpool            - FC Watford
  Manchester United       - FC Everton
  FC Southampton          - West Ham United
  Wolverhampton Wanderers - Tottenham Hotspur
  Sheffield United        - Aston Villa
  FC Burnley              - Newcastle United


Matchday 18
[Sat Dec/21]
  Aston Villa             - FC Southampton
  FC Everton              - FC Arsenal
  Newcastle United        - Crystal Palace
  Tottenham Hotspur       - FC Chelsea
  West Ham United         - FC Liverpool
  Manchester City         - Leicester City
  FC Watford              - Manchester United
  Norwich City            - Wolverhampton Wanderers
  AFC Bournemouth         - FC Burnley
  Brighton & Hove Albion  - Sheffield United


Matchday 19
[Thu Dec/26]
  Aston Villa             - Norwich City
  FC Chelsea              - FC Southampton
  Crystal Palace          - West Ham United
  FC Everton              - FC Burnley
  Leicester City          - FC Liverpool
  Manchester United       - Newcastle United
  Tottenham Hotspur       - Brighton & Hove Albion
  Wolverhampton Wanderers - Manchester City
  Sheffield United        - FC Watford
  AFC Bournemouth         - FC Arsenal


Matchday 20
[Sat Dec/28]
  FC Arsenal              - FC Chelsea
  FC Liverpool            - Wolverhampton Wanderers
  Newcastle United        - FC Everton
  FC Southampton          - Crystal Palace
  West Ham United         - Leicester City
  Manchester City         - Sheffield United
  FC Watford              - Aston Villa
  Norwich City            - Tottenham Hotspur
  FC Burnley              - Manchester United
  Brighton & Hove Albion  - AFC Bournemouth


Matchday 21
[Wed Jan/1]
  FC Arsenal              - Manchester United
  FC Liverpool            - Sheffield United
  Newcastle United        - Leicester City
  FC Southampton          - Tottenham Hotspur
  West Ham United         - AFC Bournemouth
  Manchester City         - FC Everton
  FC Watford              - Wolverhampton Wanderers
  Norwich City            - Crystal Palace
  FC Burnley              - Aston Villa
  Brighton & Hove Albion  - FC Chelsea


Matchday 22
[Sat Jan/11]
  Aston Villa             - Manchester City
  FC Chelsea              - FC Burnley
  Crystal Palace          - FC Arsenal
  FC Everton              - Brighton & Hove Albion
  Leicester City          - FC Southampton
  Manchester United       - Norwich City
  Tottenham Hotspur       - FC Liverpool
  Wolverhampton Wanderers - Newcastle United
  Sheffield United        - West Ham United
  AFC Bournemouth         - FC Watford


Matchday 23
[Sat Jan/18]
  FC Arsenal              - Sheffield United
  FC Liverpool            - Manchester United
  Newcastle United        - FC Chelsea
  FC Southampton          - Wolverhampton Wanderers
  West Ham United         - FC Everton
  Manchester City         - Crystal Palace
  FC Watford              - Tottenham Hotspur
  Norwich City            - AFC Bournemouth
  FC Burnley              - Leicester City
  Brighton & Hove Albion  - Aston Villa


Matchday 24
[Fri Feb/21]
  Aston Villa             - FC Watford
  FC Everton              - Newcastle United
  Leicester City          - West Ham United
  Manchester United       - FC Burnley
  Wolverhampton Wanderers - FC Liverpool
  Sheffield United        - Manchester City
  AFC Bournemouth         - Brighton & Hove Albion
[Sat Feb/22]
  FC Chelsea              - FC Arsenal
  Crystal Palace          - FC Southampton
  Tottenham Hotspur       - Norwich City


Matchday 25
[Sat Feb/1]
  Crystal Palace          - Sheffield United
  Leicester City          - FC Chelsea
  FC Liverpool            - FC Southampton
  Manchester United       - Wolverhampton Wanderers
  Newcastle United        - Norwich City
  Tottenham Hotspur       - Manchester City
  West Ham United         - Brighton & Hove Albion
  FC Watford              - FC Everton
  FC Burnley              - FC Arsenal
  AFC Bournemouth         - Aston Villa


Matchday 26
[Sat Feb/8]
  FC Arsenal              - Newcastle United
  Aston Villa             - Tottenham Hotspur
  FC Chelsea              - Manchester United
  FC Everton              - Crystal Palace
  FC Southampton          - FC Burnley
  Manchester City         - West Ham United
  Wolverhampton Wanderers - Leicester City
  Sheffield United        - AFC Bournemouth
  Norwich City            - FC Liverpool
  Brighton & Hove Albion  - FC Watford


Matchday 27
[Sat Feb/22]
  FC Arsenal              - FC Everton
  FC Chelsea              - Tottenham Hotspur
  Crystal Palace          - Newcastle United
  Leicester City          - Manchester City
  FC Liverpool            - West Ham United
  Manchester United       - FC Watford
  FC Southampton          - Aston Villa
  Wolverhampton Wanderers - Norwich City
  Sheffield United        - Brighton & Hove Albion
  FC Burnley              - AFC Bournemouth


Matchday 28
[Sat Feb/29]
  Aston Villa             - Sheffield United
  FC Everton              - Manchester United
  Newcastle United        - FC Burnley
  Tottenham Hotspur       - Wolverhampton Wanderers
  West Ham United         - FC Southampton
  Manchester City         - FC Arsenal
  FC Watford              - FC Liverpool
  Norwich City            - Leicester City
  AFC Bournemouth         - FC Chelsea
  Brighton & Hove Albion  - Crystal Palace


Matchday 29
[Sat Mar/7]
  FC Arsenal              - West Ham United
  FC Chelsea              - FC Everton
  Crystal Palace          - FC Watford
  Leicester City          - Aston Villa
  FC Liverpool            - AFC Bournemouth
  Manchester United       - Manchester City
  FC Southampton          - Newcastle United
  Wolverhampton Wanderers - Brighton & Hove Albion
  Sheffield United        - Norwich City
  FC Burnley              - Tottenham Hotspur


Matchday 30
[Sat Mar/14]
  Aston Villa             - FC Chelsea
  FC Everton              - FC Liverpool
  Newcastle United        - Sheffield United
  Tottenham Hotspur       - Manchester United
  West Ham United         - Wolverhampton Wanderers
  Manchester City         - FC Burnley
  FC Watford              - Leicester City
  Norwich City            - FC Southampton
  AFC Bournemouth         - Crystal Palace
  Brighton & Hove Albion  - FC Arsenal


Matchday 31
[Sat Mar/21]
  FC Chelsea              - Manchester City
  Leicester City          - Brighton & Hove Albion
  FC Liverpool            - Crystal Palace
  Manchester United       - Sheffield United
  Newcastle United        - Aston Villa
  FC Southampton          - FC Arsenal
  Tottenham Hotspur       - West Ham United
  Wolverhampton Wanderers - AFC Bournemouth
  Norwich City            - FC Everton
  FC Burnley              - FC Watford


Matchday 32
[Sat Apr/4]
  FC Arsenal              - Norwich City
  Aston Villa             - Wolverhampton Wanderers
  Crystal Palace          - FC Burnley
  FC Everton              - Leicester City
  West Ham United         - FC Chelsea
  Manchester City         - FC Liverpool
  FC Watford              - FC Southampton
  Sheffield United        - Tottenham Hotspur
  AFC Bournemouth         - Newcastle United
  Brighton & Hove Albion  - Manchester United


Matchday 33
[Sat Apr/11]
  FC Chelsea              - FC Watford
  Leicester City          - Crystal Palace
  FC Liverpool            - Aston Villa
  Manchester United       - AFC Bournemouth
  Newcastle United        - West Ham United
  FC Southampton          - Manchester City
  Tottenham Hotspur       - FC Everton
  Wolverhampton Wanderers - FC Arsenal
  Norwich City            - Brighton & Hove Albion
  FC Burnley              - Sheffield United


Matchday 34
[Sat Apr/18]
  FC Arsenal              - Leicester City
  Aston Villa             - Manchester United
  Crystal Palace          - FC Chelsea
  FC Everton              - FC Southampton
  West Ham United         - FC Burnley
  Manchester City         - Newcastle United
  FC Watford              - Norwich City
  Sheffield United        - Wolverhampton Wanderers
  AFC Bournemouth         - Tottenham Hotspur
  Brighton & Hove Albion  - FC Liverpool


Matchday 35
[Sat Apr/25]
  Aston Villa             - Crystal Palace
  FC Liverpool            - FC Burnley
  Manchester United       - FC Southampton
  Tottenham Hotspur       - FC Arsenal
  Wolverhampton Wanderers - FC Everton
  FC Watford              - Newcastle United
  Sheffield United        - FC Chelsea
  Norwich City            - West Ham United
  AFC Bournemouth         - Leicester City
  Brighton & Hove Albion  - Manchester City


Matchday 36
[Sat May/2]
  FC Arsenal              - FC Liverpool
  FC Chelsea              - Norwich City
  Crystal Palace          - Manchester United
  FC Everton              - Aston Villa
  Leicester City          - Sheffield United
  Newcastle United        - Tottenham Hotspur
  FC Southampton          - Brighton & Hove Albion
  West Ham United         - FC Watford
  Manchester City         - AFC Bournemouth
  FC Burnley              - Wolverhampton Wanderers


Matchday 37
[Sat May/9]
  Aston Villa             - FC Arsenal
  FC Liverpool            - FC Chelsea
  Manchester United       - West Ham United
  Tottenham Hotspur       - Leicester City
  Wolverhampton Wanderers - Crystal Palace
  FC Watford              - Manchester City
  Sheffield United        - FC Everton
  Norwich City            - FC Burnley
  AFC Bournemouth         - FC Southampton
  Brighton & Hove Albion  - Newcastle United


Matchday 38
[Sun May/17]
  FC Arsenal              - FC Watford
  FC Chelsea              - Wolverhampton Wanderers
  Crystal Palace          - Tottenham Hotspur
  FC Everton              - AFC Bournemouth
  Leicester City          - Manchester United
  Newcastle United        - FC Liverpool
  FC Southampton          - Sheffield United
  West Ham United         - Aston Villa
  Manchester City         - Norwich City
  FC Burnley              - Brighton & Hove Albion
