= English League Two 2019/20

# Date       Sat Aug/3 2019 - Sat Apr/25 2020 (266d)
# Teams      24
# Matches    552



Matchday 1
[Sat Aug/3]
  12.30  Salford City             2-0 (1-0)  Stevenage FC
  15.00  Bradford City            0-0  Cambridge United
         Carlisle United          2-1 (2-1)  Crawley Town
         Colchester United        1-1 (1-1)  Port Vale FC
         Crewe Alexandra          0-3 (0-2)  Plymouth Argyle
         Exeter City              1-0 (0-0)  Macclesfield Town
         Forest Green Rovers      1-0 (0-0)  Oldham Athletic
         Leyton Orient            1-0 (0-0)  Cheltenham Town
         Morecambe FC             0-2 (0-0)  Grimsby Town
         Newport County           2-2 (2-0)  Mansfield Town
         Northampton Town         0-1 (0-1)  Walsall FC
         Scunthorpe United        0-2 (0-0)  Swindon Town


Matchday 2
[Sat Aug/10]
  13.00  Grimsby Town             1-1 (0-0)  Bradford City
  15.00  Cambridge United         0-0  Newport County
         Cheltenham Town          4-1 (0-0)  Scunthorpe United
         Crawley Town             2-0 (1-0)  Salford City
         Macclesfield Town        3-0 (1-0)  Leyton Orient
         Mansfield Town           2-2 (1-2)  Morecambe FC
         Oldham Athletic          1-2 (1-2)  Crewe Alexandra
         Plymouth Argyle          1-0 (0-0)  Colchester United
         Port Vale FC             1-1 (1-1)  Northampton Town
         Stevenage FC             0-1 (0-0)  Exeter City
         Swindon Town             3-2 (0-0)  Carlisle United
         Walsall FC               1-1 (0-1)  Forest Green Rovers


Matchday 3
[Sat Aug/17]
  15.00  Bradford City            3-0 (2-0)  Oldham Athletic
         Carlisle United          0-2 (0-2)  Mansfield Town
         Colchester United        1-2 (1-0)  Cambridge United
         Crewe Alexandra          1-0 (0-0)  Walsall FC
         Exeter City              1-1 (0-0)  Swindon Town
         Forest Green Rovers      1-0 (0-0)  Grimsby Town
         Leyton Orient            0-0  Stevenage FC
         Morecambe FC             0-0  Cheltenham Town
         Newport County           1-0 (0-0)  Plymouth Argyle
         Northampton Town         1-2 (0-1)  Macclesfield Town
         Salford City             1-1 (0-0)  Port Vale FC
         Scunthorpe United        2-2 (1-1)  Crawley Town


Matchday 4
[Tue Aug/20]
  19.45  Cambridge United         3-2 (0-1)  Scunthorpe United
         Cheltenham Town          2-0 (2-0)  Carlisle United
         Crawley Town             1-2 (1-1)  Crewe Alexandra
         Grimsby Town             2-2 (0-2)  Colchester United
         Macclesfield Town        0-1 (0-0)  Morecambe FC
         Mansfield Town           2-3 (2-0)  Leyton Orient
         Oldham Athletic          0-0  Exeter City
         Plymouth Argyle          2-2 (1-1)  Salford City
         Port Vale FC             2-1 (2-1)  Forest Green Rovers
         Stevenage FC             0-1 (0-1)  Bradford City
         Swindon Town             0-1 (0-0)  Northampton Town
         Walsall FC               0-0  Newport County


Matchday 5
[Sat Aug/24]
  15.00  Bradford City            0-1 (0-0)  Forest Green Rovers
         Cambridge United         1-2 (1-1)  Oldham Athletic
         Carlisle United          2-2 (2-2)  Salford City
         Cheltenham Town          2-2 (2-2)  Swindon Town
         Colchester United        1-0 (0-0)  Northampton Town
         Grimsby Town             5-2 (1-1)  Port Vale FC
         Leyton Orient            2-3 (1-1)  Crawley Town
         Macclesfield Town        1-0 (0-0)  Scunthorpe United
         Mansfield Town           0-0  Stevenage FC
         Morecambe FC             2-3 (1-2)  Exeter City
         Newport County           1-0 (0-0)  Crewe Alexandra
         Plymouth Argyle          3-0 (1-0)  Walsall FC


Matchday 6
[Sat Aug/31]
  15.00  Crawley Town             1-0 (0-0)  Cheltenham Town
         Crewe Alexandra          2-1 (1-1)  Bradford City
         Exeter City              1-0 (1-0)  Mansfield Town
         Forest Green Rovers      0-2 (0-1)  Newport County
         Northampton Town         3-1 (3-1)  Plymouth Argyle
         Oldham Athletic          0-1 (0-1)  Colchester United
         Port Vale FC             1-0 (0-0)  Cambridge United
         Salford City             1-1 (1-0)  Leyton Orient
         Scunthorpe United        0-1 (0-0)  Carlisle United
         Stevenage FC             2-2 (0-1)  Macclesfield Town
         Swindon Town             3-1 (3-1)  Morecambe FC
         Walsall FC               1-3 (1-1)  Grimsby Town


Matchday 7
[Sat Sep/7]
  15.00  Bradford City            2-1 (0-1)  Northampton Town
         Cambridge United         0-1 (0-0)  Forest Green Rovers
         Carlisle United          1-3 (0-1)  Exeter City
         Cheltenham Town          4-2 (1-0)  Stevenage FC
         Colchester United        0-0  Walsall FC
         Grimsby Town             0-2 (0-0)  Crewe Alexandra
         Leyton Orient            1-3 (0-3)  Swindon Town
         Macclesfield Town        1-1 (1-0)  Crawley Town
         Mansfield Town           2-0 (1-0)  Scunthorpe United
         Morecambe FC             2-2 (0-1)  Salford City
         Newport County           1-0 (0-0)  Port Vale FC
         Plymouth Argyle          2-2 (1-1)  Oldham Athletic


Matchday 8
[Sat Sep/14]
  15.00  Crawley Town             1-0 (0-0)  Mansfield Town
         Crewe Alexandra          2-3 (0-1)  Cambridge United
         Exeter City              2-2 (1-1)  Leyton Orient
         Forest Green Rovers      1-0 (1-0)  Colchester United
         Northampton Town         2-0 (1-0)  Newport County
         Oldham Athletic          2-2 (1-0)  Grimsby Town
         Port Vale FC             1-0 (0-0)  Plymouth Argyle
         Salford City             0-2 (0-1)  Cheltenham Town
         Scunthorpe United        3-0 (3-0)  Morecambe FC
         Stevenage FC             2-3 (1-1)  Carlisle United
         Swindon Town             3-0 (2-0)  Macclesfield Town
         Walsall FC               0-1 (0-0)  Bradford City


Matchday 9
[Tue Sep/17]
  19.45  Carlisle United          0-0  Forest Green Rovers
         Cheltenham Town          3-2 (0-0)  Bradford City
         Crawley Town             2-2 (1-0)  Plymouth Argyle
         Exeter City              2-0 (0-0)  Port Vale FC
         Leyton Orient            1-2 (1-1)  Crewe Alexandra
         Macclesfield Town        1-1 (1-1)  Newport County
         Mansfield Town           0-4 (0-0)  Cambridge United
         Morecambe FC             0-1 (0-1)  Walsall FC
         Salford City             1-0 (1-0)  Grimsby Town
         Scunthorpe United        2-2 (0-0)  Oldham Athletic
         Stevenage FC             0-1 (0-0)  Northampton Town
         Swindon Town             0-3 (0-1)  Colchester United


Matchday 10
[Sat Sep/21]
  15.00  Bradford City            3-1 (2-1)  Carlisle United
         Cambridge United         0-1 (0-1)  Swindon Town
         Colchester United        2-1 (2-1)  Leyton Orient
         Crewe Alexandra          4-1 (0-1)  Salford City
         Forest Green Rovers      0-0  Stevenage FC
         Grimsby Town             1-0 (0-0)  Macclesfield Town
         Newport County           1-1 (0-1)  Exeter City
         Northampton Town         2-2 (1-0)  Crawley Town
         Oldham Athletic          3-1 (1-0)  Morecambe FC
         Plymouth Argyle          0-2 (0-1)  Cheltenham Town
         Port Vale FC             2-2 (1-1)  Mansfield Town
         Walsall FC               1-0 (0-0)  Scunthorpe United


Matchday 11
[Sat Sep/28]
  15.00  Carlisle United          1-0 (1-0)  Oldham Athletic
         Cheltenham Town          1-1 (1-1)  Crewe Alexandra
         Crawley Town             2-3 (1-3)  Walsall FC
         Exeter City              1-3 (0-1)  Grimsby Town
         Leyton Orient            3-3 (1-2)  Port Vale FC
         Macclesfield Town        1-1 (1-1)  Colchester United
         Mansfield Town           0-1 (0-1)  Plymouth Argyle
         Morecambe FC             2-2 (0-2)  Northampton Town
         Salford City             0-4 (0-3)  Forest Green Rovers
         Scunthorpe United        1-1 (1-0)  Bradford City
         Stevenage FC             1-1 (1-0)  Cambridge United
         Swindon Town             0-2 (0-1)  Newport County


Matchday 12
[Sat Oct/5]
  15.00  Bradford City            2-1 (0-0)  Swindon Town
         Cambridge United         2-2 (1-0)  Macclesfield Town
         Colchester United        3-1 (0-1)  Stevenage FC
         Crewe Alexandra          1-1 (0-1)  Exeter City
         Forest Green Rovers      3-1 (1-0)  Crawley Town
         Grimsby Town             0-1 (0-0)  Mansfield Town
         Newport County           1-0 (0-0)  Carlisle United
         Northampton Town         0-1 (0-0)  Leyton Orient
         Oldham Athletic          1-1 (1-0)  Cheltenham Town
         Plymouth Argyle          2-2 (1-1)  Scunthorpe United
         Port Vale FC             3-1 (0-1)  Morecambe FC
         Walsall FC               0-3 (0-1)  Salford City


Matchday 13
[Sat Oct/12]
  15.00  Carlisle United          2-4 (0-2)  Crewe Alexandra
         Crawley Town             2-1 (0-1)  Colchester United
         Exeter City              1-0 (1-0)  Forest Green Rovers
         Leyton Orient            3-1 (0-1)  Walsall FC
         Macclesfield Town        2-1 (1-1)  Port Vale FC
         Mansfield Town           6-1 (3-1)  Oldham Athletic
         Morecambe FC             1-2 (0-0)  Bradford City
         Salford City             1-0 (0-0)  Cambridge United
         Scunthorpe United        3-0 (3-0)  Northampton Town
         Stevenage FC             2-1 (2-0)  Grimsby Town
         Swindon Town             1-1 (1-0)  Plymouth Argyle


Matchday 14
[Sat Oct/19]
  15.00  Port Vale FC             1-1 (1-1)  Stevenage FC
         Bradford City            2-1 (1-0)  Crawley Town
         Cambridge United         4-0 (1-0)  Exeter City
         Colchester United        0-1 (0-0)  Morecambe FC
         Crewe Alexandra          3-1 (0-1)  Swindon Town
         Forest Green Rovers      2-2 (1-0)  Mansfield Town
         Grimsby Town             0-4 (0-2)  Leyton Orient
         Newport County           2-1 (1-0)  Scunthorpe United
         Northampton Town         2-0 (1-0)  Salford City
         Oldham Athletic          0-1 (0-0)  Macclesfield Town
         Plymouth Argyle          2-0 (1-0)  Carlisle United
         Walsall FC               1-2 (0-1)  Cheltenham Town


Matchday 15
[Tue Oct/22]
  19.45  Swindon Town             1-0 (0-0)  Stevenage FC
         Bradford City            1-2 (1-1)  Port Vale FC
         Cambridge United         0-0  Grimsby Town
         Carlisle United          0-2 (0-0)  Northampton Town
         Cheltenham Town          3-0 (1-0)  Macclesfield Town
         Crewe Alexandra          0-0  Colchester United
         Mansfield Town           1-2 (0-0)  Salford City
         Morecambe FC             0-2 (0-0)  Forest Green Rovers
         Newport County           1-1 (0-1)  Crawley Town
         Oldham Athletic          2-0 (0-0)  Walsall FC
         Plymouth Argyle          4-0 (4-0)  Leyton Orient
         Scunthorpe United        3-1 (2-1)  Exeter City


Matchday 16
[Sat Oct/26]
  15.00  Northampton Town         2-0 (2-0)  Cambridge United
  13.00  Exeter City              4-0 (1-0)  Plymouth Argyle
  15.00  Colchester United        3-1 (2-1)  Newport County
         Crawley Town             0-4 (0-2)  Swindon Town
         Leyton Orient            1-1 (1-0)  Carlisle United
         Walsall FC               1-2 (1-1)  Mansfield Town
         Port Vale FC             0-0  Oldham Athletic
         Salford City             1-1 (1-1)  Scunthorpe United
         Stevenage FC             1-0 (0-0)  Morecambe FC


Matchday 17
[Sat Nov/2]
  15.00  Swindon Town             2-1 (1-0)  Walsall FC
         Oldham Athletic          2-2 (0-1)  Northampton Town
         Scunthorpe United        0-0  Stevenage FC
         Newport County           1-2 (1-1)  Salford City
         Bradford City            2-0 (2-0)  Exeter City
         Cambridge United         2-1 (0-0)  Crawley Town
         Carlisle United          2-1 (1-1)  Macclesfield Town
         Cheltenham Town          1-2 (0-2)  Forest Green Rovers
         Crewe Alexandra          0-1 (0-0)  Port Vale FC
         Mansfield Town           2-3 (1-1)  Colchester United
         Morecambe FC             1-0 (0-0)  Leyton Orient


Matchday 18
[Sat Nov/16]
  15.00  Salford City             2-3 (1-1)  Swindon Town
         Port Vale FC             2-1 (0-1)  Carlisle United
         Northampton Town         4-1 (3-1)  Crewe Alexandra
         Walsall FC               2-1 (2-0)  Cambridge United
         Macclesfield Town        0-0  Mansfield Town
         Crawley Town             1-1 (1-0)  Morecambe FC
         Exeter City              0-0  Cheltenham Town
         Forest Green Rovers      0-1 (0-1)  Plymouth Argyle
         Leyton Orient            0-2 (0-1)  Scunthorpe United


Matchday 19
[Sat Nov/23]
  15.00  Plymouth Argyle          2-1 (2-0)  Bradford City
         Swindon Town             1-0 (1-0)  Mansfield Town
         Scunthorpe United        2-1 (1-1)  Port Vale FC
         Salford City             0-0  Macclesfield Town
         Northampton Town         2-0 (2-0)  Grimsby Town
         Newport County           0-1 (0-1)  Oldham Athletic
         Leyton Orient            2-4 (0-3)  Forest Green Rovers
         Crewe Alexandra          5-0 (3-0)  Morecambe FC
         Carlisle United          0-0  Cambridge United
         Cheltenham Town          1-1 (0-1)  Colchester United
         Crawley Town             0-1 (0-0)  Exeter City
         Walsall FC               0-0  Stevenage FC


Matchday 16
[Tue Nov/26]
  19.45  Grimsby Town             0-0  Cheltenham Town
         Forest Green Rovers      0-0  Crewe Alexandra
[Sat Nov/30]
  15.00  Macclesfield Town        1-1 (1-0)  Bradford City


Matchday 20
[Sat Dec/7]
  15.00  Morecambe FC             1-1 (0-0)  Carlisle United
         Port Vale FC             0-1 (0-0)  Walsall FC
         Oldham Athletic          1-1 (1-1)  Leyton Orient
         Mansfield Town           0-3 (0-1)  Cheltenham Town
         Grimsby Town             0-3 (0-2)  Swindon Town
         Bradford City            1-0 (0-0)  Newport County
         Cambridge United         1-0 (1-0)  Plymouth Argyle
         Colchester United        1-0 (0-0)  Salford City
         Exeter City              3-2 (1-1)  Northampton Town
         Forest Green Rovers      0-2 (0-0)  Scunthorpe United
         Stevenage FC             0-0  Crawley Town


Matchday 21
[Sat Dec/14]
  15.00  Crawley Town             0-0  Port Vale FC
         Swindon Town             2-0 (1-0)  Oldham Athletic
         Walsall FC               1-1 (0-1)  Macclesfield Town
         Scunthorpe United        2-2 (1-0)  Colchester United
         Salford City             0-1 (0-1)  Exeter City
         Plymouth Argyle          3-0 (2-0)  Morecambe FC
         Carlisle United          0-0  Grimsby Town
         Cheltenham Town          1-1 (0-1)  Cambridge United
         Northampton Town         1-0 (1-0)  Forest Green Rovers
         Crewe Alexandra          1-1 (1-1)  Mansfield Town
         Leyton Orient            0-0  Bradford City
         Newport County           1-1 (0-1)  Stevenage FC


Matchday 22
[Sat Dec/21]
  15.00  Cambridge United         2-3 (0-3)  Leyton Orient
         Port Vale FC             1-1 (1-1)  Cheltenham Town
         Oldham Athletic          2-1 (0-1)  Crawley Town
         Morecambe FC             2-1 (0-1)  Newport County
         Mansfield Town           1-1 (0-0)  Northampton Town
         Forest Green Rovers      2-2 (0-2)  Swindon Town
  13.00  Grimsby Town             0-1 (0-0)  Scunthorpe United
  15.00  Bradford City            1-1 (0-0)  Salford City
         Stevenage FC             1-5 (0-2)  Crewe Alexandra
         Colchester United        3-0 (2-0)  Carlisle United
         Exeter City              3-3 (2-3)  Walsall FC


Matchday 23
[Thu Dec/26]
  15.00  Scunthorpe United        0-2 (0-1)  Walsall FC
         Salford City             3-1 (2-0)  Crewe Alexandra
         Morecambe FC             1-2 (0-1)  Oldham Athletic
         Mansfield Town           2-2 (0-0)  Port Vale FC
         Swindon Town             4-0 (3-0)  Cambridge United
         Stevenage FC             0-0  Forest Green Rovers
         Macclesfield Town        1-1 (0-0)  Grimsby Town
  13.00  Leyton Orient            1-3 (0-1)  Colchester United
  15.00  Carlisle United          0-0  Bradford City
         Cheltenham Town          0-1 (0-1)  Plymouth Argyle
         Crawley Town             4-0 (1-0)  Northampton Town
         Exeter City              1-0 (1-0)  Newport County


Matchday 24
[Sun Dec/29]
  15.00  Newport County           1-1 (0-1)  Leyton Orient
         Northampton Town         1-1 (1-1)  Cheltenham Town
         Oldham Athletic          1-4 (0-3)  Salford City
         Plymouth Argyle          2-1 (1-0)  Stevenage FC
         Walsall FC               1-2 (0-0)  Carlisle United
         Port Vale FC             2-0 (1-0)  Swindon Town
         Grimsby Town             1-1 (1-1)  Crawley Town
         Bradford City            2-0 (1-0)  Mansfield Town
         Cambridge United         1-0 (0-0)  Morecambe FC
         Colchester United        2-2 (1-1)  Exeter City
         Crewe Alexandra          3-1 (2-0)  Scunthorpe United
         Forest Green Rovers      1-0 (0-0)  Macclesfield Town


Matchday 25
[Wed Jan/1]
  15.00  Newport County           1-1 (0-0)  Cheltenham Town
         Port Vale FC             2-2 (1-0)  Macclesfield Town
         Plymouth Argyle          1-2 (1-1)  Swindon Town
         Oldham Athletic          0-2 (0-1)  Scunthorpe United
         Northampton Town         1-0 (0-0)  Stevenage FC
         Grimsby Town             1-0 (0-0)  Salford City
         Forest Green Rovers      0-1 (0-1)  Exeter City
         Bradford City            1-0 (0-0)  Morecambe FC
         Cambridge United         2-3 (2-1)  Mansfield Town
         Colchester United        1-1 (0-0)  Crawley Town
         Crewe Alexandra          4-1 (4-0)  Carlisle United
         Walsall FC               1-0 (1-0)  Leyton Orient


Matchday 26
[Sat Jan/4]
  15.00  Macclesfield Town        1-0 (1-0)  Cambridge United
         Mansfield Town           0-1 (0-0)  Grimsby Town
         Salford City             1-2 (0-1)  Walsall FC
         Scunthorpe United        1-3 (0-1)  Plymouth Argyle
         Stevenage FC             0-0  Colchester United
         Crawley Town             1-1 (1-0)  Forest Green Rovers
         Cheltenham Town          3-0 (1-0)  Oldham Athletic
         Swindon Town             1-1 (1-0)  Bradford City


Matchday 27
[Sat Jan/11]
  15.00  Swindon Town             3-1 (1-0)  Crewe Alexandra
         Morecambe FC             1-1 (0-1)  Colchester United
         Salford City             1-2 (1-1)  Northampton Town
         Scunthorpe United        1-2 (1-0)  Newport County
         Stevenage FC             0-1 (0-0)  Port Vale FC
         Mansfield Town           3-4 (2-1)  Forest Green Rovers
         Macclesfield Town        1-1 (0-0)  Oldham Athletic
         Leyton Orient            1-1 (0-0)  Grimsby Town
         Exeter City              2-0 (0-0)  Cambridge United
         Crawley Town             2-1 (2-0)  Bradford City
         Cheltenham Town          3-1 (1-0)  Walsall FC
         Carlisle United          0-3 (0-1)  Plymouth Argyle


Matchday 18
[Tue Jan/14]
  19.45  Stevenage FC             0-0  Oldham Athletic


Matchday 26
[Tue Jan/14]
  19.45  Morecambe FC             2-1 (2-0)  Port Vale FC


Matchday 28
[Sat Jan/18]
  15.00  Walsall FC               2-1 (0-1)  Crawley Town
         Newport County           2-0 (1-0)  Swindon Town
         Northampton Town         4-1 (2-0)  Morecambe FC
         Grimsby Town             0-1 (0-0)  Exeter City
         Forest Green Rovers      1-2 (1-1)  Salford City
         Oldham Athletic          1-1 (1-1)  Carlisle United
         Plymouth Argyle          3-1 (1-0)  Mansfield Town
         Port Vale FC             1-0 (0-0)  Leyton Orient
         Crewe Alexandra          1-0 (0-0)  Cheltenham Town
         Bradford City            2-2 (2-1)  Scunthorpe United
         Cambridge United         0-4 (0-1)  Stevenage FC
         Colchester United        2-1 (2-0)  Macclesfield Town


Matchday 18
[Tue Jan/21]
  19.45  Colchester United        0-0  Bradford City


Matchday 26
[Tue Jan/21]
  19.45  Leyton Orient            1-1 (0-1)  Northampton Town


Matchday 20
[Tue Jan/21]
  19.45  Macclesfield Town        1-1 (1-0)  Crewe Alexandra


Matchday 29
[Sat Jan/25]
  15.00  Stevenage FC             1-2 (0-0)  Plymouth Argyle
         Salford City             1-1 (1-0)  Oldham Athletic
         Swindon Town             3-0 (2-0)  Port Vale FC
         Morecambe FC             1-1 (0-0)  Cambridge United
         Mansfield Town           3-0 (2-0)  Bradford City
         Scunthorpe United        2-2 (1-0)  Crewe Alexandra
         Carlisle United          2-1 (2-0)  Walsall FC
         Crawley Town             3-2 (1-2)  Grimsby Town
         Exeter City              0-0  Colchester United
         Leyton Orient            2-1 (0-0)  Newport County
         Macclesfield Town        2-1 (0-1)  Forest Green Rovers


Matchday 30
[Tue Jan/28]
  19.45  Colchester United        3-1 (0-0)  Swindon Town
         Walsall FC               0-2 (0-0)  Morecambe FC
         Port Vale FC             3-1 (0-1)  Exeter City
         Oldham Athletic          3-1 (2-0)  Mansfield Town
         Northampton Town         3-0 (1-0)  Scunthorpe United
         Newport County           1-0 (1-0)  Macclesfield Town
         Grimsby Town             3-1 (1-0)  Stevenage FC
         Bradford City            1-1 (1-0)  Cheltenham Town
         Cambridge United         0-4 (0-1)  Salford City
  20.15  Plymouth Argyle          2-2 (1-1)  Crawley Town
  19.45  Crewe Alexandra          2-0 (1-0)  Leyton Orient
         Forest Green Rovers      1-4 (0-2)  Carlisle United


Matchday 31
[Sat Feb/1]
  15.00  Oldham Athletic          3-0 (3-0)  Bradford City
         Plymouth Argyle          1-0 (1-0)  Newport County
         Stevenage FC             0-3 (0-1)  Leyton Orient
         Swindon Town             2-1 (2-1)  Exeter City
         Walsall FC               1-2 (1-0)  Crewe Alexandra
         Port Vale FC             1-1 (0-0)  Salford City
         Mansfield Town           2-2 (0-0)  Carlisle United
         Cambridge United         2-1 (0-0)  Colchester United
         Cheltenham Town          2-1 (2-0)  Morecambe FC
         Crawley Town             3-1 (3-0)  Scunthorpe United
         Grimsby Town             2-2 (1-1)  Forest Green Rovers
         Macclesfield Town        0-1 (0-0)  Northampton Town


Matchday 32
[Sat Feb/8]
  15.00  Colchester United        3-0 (3-0)  Plymouth Argyle
         Salford City             0-0  Crawley Town
         Northampton Town         0-1 (0-0)  Port Vale FC
         Newport County           0-1 (0-0)  Cambridge United
         Morecambe FC             1-1 (0-0)  Mansfield Town
         Leyton Orient            1-1 (0-0)  Macclesfield Town
         Forest Green Rovers      1-2 (0-0)  Walsall FC
         Bradford City            1-1 (0-0)  Grimsby Town
         Carlisle United          1-1 (0-1)  Swindon Town
         Scunthorpe United        1-0 (1-0)  Cheltenham Town
         Crewe Alexandra          2-1 (0-0)  Oldham Athletic
         Exeter City              2-1 (1-0)  Stevenage FC


Matchday 33
[Tue Feb/11]
  19.45  Northampton Town         0-1 (0-0)  Swindon Town
         Newport County           0-0  Walsall FC
         Scunthorpe United        0-2 (0-1)  Cambridge United
         Morecambe FC             2-0 (2-0)  Macclesfield Town
         Leyton Orient            2-1 (1-0)  Mansfield Town
         Forest Green Rovers      2-3 (0-2)  Port Vale FC
         Salford City             2-3 (0-1)  Plymouth Argyle
         Bradford City            3-1 (0-1)  Stevenage FC
         Carlisle United          0-1 (0-1)  Cheltenham Town
         Colchester United        2-3 (2-1)  Grimsby Town
         Crewe Alexandra          2-1 (0-0)  Crawley Town
         Exeter City              5-1 (2-1)  Oldham Athletic


Matchday 34
[Sat Feb/15]
  15.00  Stevenage FC             0-1 (0-1)  Salford City
         Port Vale FC             3-0 (1-0)  Colchester United
         Walsall FC               3-2 (0-2)  Northampton Town
         Plymouth Argyle          2-1 (0-0)  Crewe Alexandra
         Oldham Athletic          1-1 (0-0)  Forest Green Rovers
         Mansfield Town           1-0 (1-0)  Newport County
         Macclesfield Town        2-3 (1-2)  Exeter City
         Cambridge United         2-1 (0-1)  Bradford City
         Cheltenham Town          2-1 (1-1)  Leyton Orient
         Crawley Town             0-0  Carlisle United
         Grimsby Town             2-1 (0-0)  Morecambe FC


Matchday 22
[Tue Feb/18]
  19.45  Macclesfield Town        1-1 (1-0)  Plymouth Argyle


Matchday 35
[Sat Feb/22]
  15.00  Salford City             1-2 (1-2)  Colchester United
         Scunthorpe United        1-0 (0-0)  Forest Green Rovers
         Swindon Town             3-1 (0-0)  Grimsby Town
         Walsall FC               2-2 (1-2)  Port Vale FC
         Plymouth Argyle          0-0  Cambridge United
         Northampton Town         2-0 (1-0)  Exeter City
         Newport County           2-1 (2-1)  Bradford City
         Carlisle United          2-2 (1-2)  Morecambe FC
         Cheltenham Town          1-0 (0-0)  Mansfield Town
         Crawley Town             2-0 (1-0)  Stevenage FC
         Crewe Alexandra          2-0 (2-0)  Macclesfield Town
         Leyton Orient            2-2 (1-2)  Oldham Athletic


Matchday 29
[Tue Feb/25]
  19.45  Cheltenham Town          2-1 (1-1)  Northampton Town


Matchday 18
[Tue Feb/25]
  19.45  Grimsby Town             4-2 (2-1)  Newport County


Matchday 36
[Sat Feb/29]
  15.00  Grimsby Town             0-3 (0-2)  Northampton Town
         Oldham Athletic          5-0 (2-0)  Newport County
         Exeter City              1-1 (0-1)  Crawley Town
         Macclesfield Town        0-2 (0-2)  Salford City
         Port Vale FC             2-2 (1-0)  Scunthorpe United
         Bradford City            2-1 (2-0)  Plymouth Argyle
         Cambridge United         1-2 (0-1)  Carlisle United
         Colchester United        0-2 (0-1)  Cheltenham Town
         Morecambe FC             1-1 (0-0)  Crewe Alexandra


Matchday 34
[Tue Mar/3]
  19.45  Swindon Town             2-0 (1-0)  Scunthorpe United


Matchday 26
[Tue Mar/3]
  19.45  Exeter City              1-1 (1-0)  Crewe Alexandra


Matchday 17
[Tue Mar/3]
  19.45  Plymouth Argyle          3-0 (3-0)  Grimsby Town


Matchday 37
[Sat Mar/7]
  15.00  Crawley Town             3-0 (1-0)  Oldham Athletic
         Swindon Town             0-2 (0-1)  Forest Green Rovers
         Salford City             2-0 (1-0)  Bradford City
         Plymouth Argyle          3-0 (1-0)  Macclesfield Town
         Northampton Town         1-2 (0-1)  Mansfield Town
  13.00  Scunthorpe United        0-2 (0-0)  Grimsby Town
  15.00  Carlisle United          0-3 (0-2)  Colchester United
         Cheltenham Town          0-0  Port Vale FC
         Walsall FC               3-1 (1-0)  Exeter City
         Crewe Alexandra          3-1 (1-0)  Stevenage FC
         Leyton Orient            2-1 (2-0)  Cambridge United
         Newport County           1-0 (0-0)  Morecambe FC


Matchday 26
[Tue Mar/10]
  19.45  Carlisle United          2-0 (2-0)  Newport County


Matchday 38
[Sat Mar/14]
  Port Vale FC             -  Crawley Town             [cancelled]
  Oldham Athletic          -  Swindon Town             [cancelled]
  Stevenage FC             -  Newport County           [cancelled]
  Morecambe FC             -  Plymouth Argyle          [cancelled]
  Bradford City            -  Leyton Orient            [cancelled]
  Cambridge United         -  Cheltenham Town          [cancelled]
  Colchester United        -  Scunthorpe United        [cancelled]
  Exeter City              -  Salford City             [cancelled]
  Forest Green Rovers      -  Northampton Town         [cancelled]
  Grimsby Town             -  Carlisle United          [cancelled]
  Macclesfield Town        -  Walsall FC               [cancelled]
  Mansfield Town           -  Crewe Alexandra          [cancelled]


Matchday 39
[Tue Mar/17]
  Stevenage FC             -  Swindon Town             [cancelled]
  Salford City             -  Mansfield Town           [cancelled]
  Port Vale FC             -  Bradford City            [cancelled]
  Northampton Town         -  Carlisle United          [cancelled]
  Colchester United        -  Crewe Alexandra          [cancelled]
  Crawley Town             -  Newport County           [cancelled]
  Exeter City              -  Scunthorpe United        [cancelled]
  Forest Green Rovers      -  Morecambe FC             [cancelled]
  Grimsby Town             -  Cambridge United         [cancelled]
  Leyton Orient            -  Plymouth Argyle          [cancelled]
  Macclesfield Town        -  Cheltenham Town          [cancelled]
  Walsall FC               -  Oldham Athletic          [cancelled]


Matchday 40
[Sat Mar/21]
  Scunthorpe United        -  Salford City             [cancelled]
  Swindon Town             -  Crawley Town             [cancelled]
  Plymouth Argyle          -  Exeter City              [cancelled]
  Oldham Athletic          -  Port Vale FC             [cancelled]
  Bradford City            -  Macclesfield Town        [cancelled]
  Cambridge United         -  Northampton Town         [cancelled]
  Carlisle United          -  Leyton Orient            [cancelled]
  Cheltenham Town          -  Grimsby Town             [cancelled]
  Crewe Alexandra          -  Forest Green Rovers      [cancelled]
  Mansfield Town           -  Walsall FC               [cancelled]
  Morecambe FC             -  Stevenage FC             [cancelled]
  Newport County           -  Colchester United        [cancelled]


Matchday 42
[Tue Mar/24]
  Swindon Town             -  Salford City             [cancelled]


Matchday 13
[Tue Mar/24]
  Cheltenham Town          -  Newport County           [cancelled]


Matchday 41
[Sat Mar/28]
  Stevenage FC             -  Scunthorpe United        [cancelled]
  Walsall FC               -  Swindon Town             [cancelled]
  Colchester United        -  Mansfield Town           [cancelled]
  Crawley Town             -  Cambridge United         [cancelled]
  Exeter City              -  Bradford City            [cancelled]
  Forest Green Rovers      -  Cheltenham Town          [cancelled]
  Grimsby Town             -  Plymouth Argyle          [cancelled]
  Leyton Orient            -  Morecambe FC             [cancelled]
  Macclesfield Town        -  Carlisle United          [cancelled]
  Northampton Town         -  Oldham Athletic          [cancelled]
  Port Vale FC             -  Crewe Alexandra          [cancelled]
  Salford City             -  Newport County           [cancelled]


Matchday 36
[Tue Mar/31]
  Mansfield Town           -  Swindon Town             [cancelled]
  Forest Green Rovers      -  Leyton Orient            [cancelled]
  Stevenage FC             -  Walsall FC               [cancelled]


Matchday 42
[Sat Apr/4]
  Bradford City            -  Colchester United        [cancelled]
  Cambridge United         -  Walsall FC               [cancelled]
  Carlisle United          -  Port Vale FC             [cancelled]
  Cheltenham Town          -  Exeter City              [cancelled]
  Crewe Alexandra          -  Northampton Town         [cancelled]
  Mansfield Town           -  Macclesfield Town        [cancelled]
  Morecambe FC             -  Crawley Town             [cancelled]
  Newport County           -  Grimsby Town             [cancelled]
  Oldham Athletic          -  Stevenage FC             [cancelled]
  Plymouth Argyle          -  Forest Green Rovers      [cancelled]
  Scunthorpe United        -  Leyton Orient            [cancelled]


Matchday 43
[Fri Apr/10]
  Crawley Town             -  Leyton Orient            [cancelled]
  Crewe Alexandra          -  Newport County           [cancelled]
  Exeter City              -  Morecambe FC             [cancelled]
  Forest Green Rovers      -  Bradford City            [cancelled]
  Northampton Town         -  Colchester United        [cancelled]
  Oldham Athletic          -  Cambridge United         [cancelled]
  Port Vale FC             -  Grimsby Town             [cancelled]
  Salford City             -  Carlisle United          [cancelled]
  Scunthorpe United        -  Macclesfield Town        [cancelled]
  Stevenage FC             -  Mansfield Town           [cancelled]
  Swindon Town             -  Cheltenham Town          [cancelled]
  Walsall FC               -  Plymouth Argyle          [cancelled]


Matchday 44
[Mon Apr/13]
  Bradford City            -  Crewe Alexandra          [cancelled]
  Cambridge United         -  Port Vale FC             [cancelled]
  Carlisle United          -  Scunthorpe United        [cancelled]
  Cheltenham Town          -  Crawley Town             [cancelled]
  Colchester United        -  Oldham Athletic          [cancelled]
  Grimsby Town             -  Walsall FC               [cancelled]
  Leyton Orient            -  Salford City             [cancelled]
  Macclesfield Town        -  Stevenage FC             [cancelled]
  Mansfield Town           -  Exeter City              [cancelled]
  Morecambe FC             -  Swindon Town             [cancelled]
  Newport County           -  Forest Green Rovers      [cancelled]
  Plymouth Argyle          -  Northampton Town         [cancelled]


Matchday 45
[Sat Apr/18]
  Crawley Town             -  Macclesfield Town        [cancelled]
  Crewe Alexandra          -  Grimsby Town             [cancelled]
  Exeter City              -  Carlisle United          [cancelled]
  Forest Green Rovers      -  Cambridge United         [cancelled]
  Northampton Town         -  Bradford City            [cancelled]
  Oldham Athletic          -  Plymouth Argyle          [cancelled]
  Port Vale FC             -  Newport County           [cancelled]
  Salford City             -  Morecambe FC             [cancelled]
  Scunthorpe United        -  Mansfield Town           [cancelled]
  Stevenage FC             -  Cheltenham Town          [cancelled]
  Swindon Town             -  Leyton Orient            [cancelled]
  Walsall FC               -  Colchester United        [cancelled]


Matchday 46
[Sat Apr/25]
  Bradford City            -  Walsall FC               [cancelled]
  Cambridge United         -  Crewe Alexandra          [cancelled]
  Carlisle United          -  Stevenage FC             [cancelled]
  Cheltenham Town          -  Salford City             [cancelled]
  Colchester United        -  Forest Green Rovers      [cancelled]
  Grimsby Town             -  Oldham Athletic          [cancelled]
  Leyton Orient            -  Exeter City              [cancelled]
  Macclesfield Town        -  Swindon Town             [cancelled]
  Mansfield Town           -  Crawley Town             [cancelled]
  Morecambe FC             -  Scunthorpe United        [cancelled]
  Newport County           -  Northampton Town         [cancelled]
  Plymouth Argyle          -  Port Vale FC             [cancelled]
