###################################
# English Premier League 2015/16


Matchday 20
[Sat Jan/2]
Arsenal FC            1-0  Newcastle United
Crystal Palace        0-3  Chelsea FC
Everton FC            1-1  Tottenham Hotspur
Leicester City        0-0  AFC Bournemouth
Manchester United     2-1  Swansea City
Norwich City          1-0  Southampton FC
Sunderland AFC        3-1  Aston Villa
Watford FC            1-2  Manchester City
West Bromwich Albion  2-1  Stoke City
West Ham United       2-0  Liverpool FC

Matchday 21
[Tue Jan/12]
  AFC Bournemouth     1-3  West Ham United
  Aston Villa         1-0  Crystal Palace
  Liverpool FC        3-3  Arsenal FC
  Swansea City        2-4  Sunderland AFC
[Wed Jan/13]
  Chelsea FC          2-2  West Bromwich Albion
  Manchester City     0-0  Everton FC
  Newcastle United    3-3  Manchester United
  Southampton FC      2-0  Watford FC
  Stoke City          3-1  Norwich City
  Tottenham Hotspur   0-1  Leicester City

Matchday 22
[Sat Jan/16]
AFC Bournemouth  -  Norwich City
Aston Villa  -  Leicester City
Chelsea FC  -  Everton FC
Liverpool FC  -  Manchester United
Manchester City  -  Crystal Palace
Newcastle United  -  West Ham United
Southampton FC  -  West Bromwich Albion
Stoke City  -  Arsenal FC
Swansea City  -  Watford FC
Tottenham Hotspur  -  Sunderland AFC

Matchday 23
[Sat Jan/23]
Arsenal FC  -  Chelsea FC
Crystal Palace  -  Tottenham Hotspur
Everton FC  -  Swansea City
Leicester City  -  Stoke City
Manchester United  -  Southampton FC
Norwich City  -  Liverpool FC
Sunderland AFC  -  AFC Bournemouth
Watford FC  -  Newcastle United
West Bromwich Albion  -  Aston Villa
West Ham United  -  Manchester City

Matchday 24
[Tue Feb/2]
  Arsenal FC  -  Southampton FC
  Crystal Palace  -  AFC Bournemouth
  Leicester City  -  Liverpool FC
  Manchester United  -  Stoke City
  Norwich City  -  Tottenham Hotspur
  Sunderland AFC  -  Manchester City
  Watford FC  -  Chelsea FC
  West Bromwich Albion  -  Swansea City
  West Ham United  -  Aston Villa
[Wed Feb/3]
  Everton FC  -  Newcastle United

Matchday 25
[Sat Feb/6]
AFC Bournemouth  -  Arsenal FC
Aston Villa  -  Norwich City
Chelsea FC  -  Manchester United
Liverpool FC  -  Sunderland AFC
Manchester City  -  Leicester City
Newcastle United  -  West Bromwich Albion
Southampton FC  -  West Ham United
Stoke City  -  Everton FC
Swansea City  -  Crystal Palace
Tottenham Hotspur  -  Watford FC

Matchday 26
[Sat Feb/13]
AFC Bournemouth  -  Stoke City
Arsenal FC  -  Leicester City
Aston Villa  -  Liverpool FC
Chelsea FC  -  Newcastle United
Crystal Palace  -  Watford FC
Everton FC  -  West Bromwich Albion
Manchester City  -  Tottenham Hotspur
Norwich City  -  West Ham United
Sunderland AFC  -  Manchester United
Swansea City  -  Southampton FC

Matchday 27
[Sat Feb/27]
Leicester City  -  Norwich City
Liverpool FC  -  Everton FC
Manchester United  -  Arsenal FC
Newcastle United  -  Manchester City
Southampton FC  -  Chelsea FC
Stoke City  -  Aston Villa
Tottenham Hotspur  -  Swansea City
Watford FC  -  AFC Bournemouth
West Bromwich Albion  -  Crystal Palace
West Ham United  -  Sunderland AFC

Matchday 28
[Tue Mar/1]
  AFC Bournemouth  -  Southampton FC
  Arsenal FC  -  Swansea City
  Aston Villa  -  Everton FC
  Leicester City  -  West Bromwich Albion
  Liverpool FC  -  Manchester City
  Manchester United  -  Watford FC
  Norwich City  -  Chelsea FC
  Sunderland AFC  -  Crystal Palace
  West Ham United  -  Tottenham Hotspur
  Stoke City  -  Newcastle United

Matchday 29
[Sat Mar/5]
Chelsea FC  -  Stoke City
Crystal Palace  -  Liverpool FC
Everton FC  -  West Ham United
Manchester City  -  Aston Villa
Newcastle United  -  AFC Bournemouth
Southampton FC  -  Sunderland AFC
Swansea City  -  Norwich City
Tottenham Hotspur  -  Arsenal FC
Watford FC  -  Leicester City
West Bromwich Albion  -  Manchester United

Matchday 30
[Sat Mar/12]
AFC Bournemouth  -  Swansea City
Arsenal FC  -  West Bromwich Albion
Aston Villa  -  Tottenham Hotspur
Leicester City  -  Newcastle United
Liverpool FC  -  Chelsea FC
Manchester United  -  Crystal Palace
Norwich City  -  Manchester City
Stoke City  -  Southampton FC
Sunderland AFC  -  Everton FC
West Ham United  -  Watford FC

Matchday 31
[Sat Mar/19]
Chelsea FC  -  West Ham United
Crystal Palace  -  Leicester City
Everton FC  -  Arsenal FC
Manchester City  -  Manchester United
Newcastle United  -  Sunderland AFC
Southampton FC  -  Liverpool FC
Swansea City  -  Aston Villa
Tottenham Hotspur  -  AFC Bournemouth
Watford FC  -  Stoke City
West Bromwich Albion  -  Norwich City

Matchday 32
[Sat Apr/2]
AFC Bournemouth  -  Manchester City
Arsenal FC  -  Watford FC
Aston Villa  -  Chelsea FC
Leicester City  -  Southampton FC
Liverpool FC  -  Tottenham Hotspur
Manchester United  -  Everton FC
Norwich City  -  Newcastle United
Stoke City  -  Swansea City
Sunderland AFC  -  West Bromwich Albion
West Ham United  -  Crystal Palace

Matchday 33
[Sat Apr/9]
Aston Villa  -  AFC Bournemouth
Crystal Palace  -  Norwich City
Liverpool FC  -  Stoke City
Manchester City  -  West Bromwich Albion
Southampton FC  -  Newcastle United
Sunderland AFC  -  Leicester City
Swansea City  -  Chelsea FC
Tottenham Hotspur  -  Manchester United
Watford FC  -  Everton FC
West Ham United  -  Arsenal FC

Matchday 34
[Sat Apr/16]
AFC Bournemouth  -  Liverpool FC
Arsenal FC  -  Crystal Palace
Chelsea FC  -  Manchester City
Everton FC  -  Southampton FC
Leicester City  -  West Ham United
Manchester United  -  Aston Villa
Newcastle United  -  Swansea City
Norwich City  -  Sunderland AFC
Stoke City  -  Tottenham Hotspur
West Bromwich Albion  -  Watford FC

Matchday 35
[Sat Apr/23]
AFC Bournemouth  -  Chelsea FC
Aston Villa  -  Southampton FC
Crystal Palace  -  Everton FC
Leicester City  -  Swansea City
Liverpool FC  -  Newcastle United
Manchester City  -  Stoke City
Norwich City  -  Watford FC
Sunderland AFC  -  Arsenal FC
Tottenham Hotspur  -  West Bromwich Albion
West Ham United  -  Manchester United

Matchday 36
[Sat Apr/30]
Arsenal FC  -  Norwich City
Chelsea FC  -  Tottenham Hotspur
Everton FC  -  AFC Bournemouth
Manchester United  -  Leicester City
Newcastle United  -  Crystal Palace
Southampton FC  -  Manchester City
Stoke City  -  Sunderland AFC
Swansea City  -  Liverpool FC
Watford FC  -  Aston Villa
West Bromwich Albion  -  West Ham United

Matchday 37
[Sat May/7]
AFC Bournemouth  -  West Bromwich Albion
Aston Villa  -  Newcastle United
Crystal Palace  -  Stoke City
Leicester City  -  Everton FC
Liverpool FC  -  Watford FC
Manchester City  -  Arsenal FC
Norwich City  -  Manchester United
Sunderland AFC  -  Chelsea FC
Tottenham Hotspur  -  Southampton FC
West Ham United  -  Swansea City

Matchday 38
[Sun May/15]
Arsenal FC  -  Aston Villa
Chelsea FC  -  Leicester City
Everton FC  -  Norwich City
Manchester United  -  AFC Bournemouth
Newcastle United  -  Tottenham Hotspur
Southampton FC  -  Crystal Palace
Stoke City  -  West Ham United
Swansea City  -  Manchester City
Watford FC  -  Sunderland AFC
West Bromwich Albion  -  Liverpool FC
