= English Championship - Play-offs 2015/16


Semi-finals
[Fri May/13]
  Sheffield Wed            2-0  Brighton
[Sat May/14]
  Derby                    0-3  Hull City
[Mon May/16]
  Brighton                 1-1  Sheffield Wed
[Tue May/17]
  Hull City                0-2  Derby


Final
[Sat May/28]
  Hull City                1-0  Sheffield Wed


= English League One - Play-offs 2015/16


Semi-finals
[Sat May/14]
  Barnsley                 3-0  Walsall
[Sun May/15]
  Bradford                 1-3  Millwall
[Thu May/19]
  Walsall                  1-3  Barnsley
[Fri May/20]
  Millwall                 1-1  Bradford


Final
[Sun May/29]
  Barnsley                 3-1  Millwall


= English League Two - Play-offs 2015/16


Semi-finals
[Thu May/12]
  Portsmouth               2-2  Plymouth
[Sat May/14]
  AFC Wimbledon            1-0  Accrington
[Sun May/15]
  Plymouth                 1-0  Portsmouth
[Wed May/18]
  Accrington               2-2  AFC Wimbledon


Final
[Mon May/30]
  AFC Wimbledon            2-0  Plymouth


