
Matchday 20

[Mon Jan/2]
  AFC Bournemouth       3-3 Arsenal FC
  Crystal Palace        1-2  Swansea City
  Everton FC            3-0  Southampton FC
  Manchester City       2-1  Burnley FC
  Middlesbrough FC      0-0  Leicester City
  Stoke City            2-0  Watford FC
  Sunderland AFC        2-2  Liverpool FC
  Tottenham Hotspur     2-0  Chelsea FC
  West Bromwich Albion  3-1  Hull City
  West Ham United       0-2  Manchester United

Matchday 21

[Sat Jan/14]
  Burnley FC            1-0  Southampton FC
  Everton FC            4-0  Manchester City
  Hull City             3-1  AFC Bournemouth
  Leicester City        0-3  Chelsea FC
  Manchester United     1-1  Liverpool FC
  Sunderland AFC        1-3  Stoke City
  Swansea City          0-4  Arsenal FC
  Tottenham Hotspur     4-0  West Bromwich Albion
  Watford FC            0-0  Middlesbrough FC
  West Ham United       3-0  Crystal Palace

Matchday 22

[Sat Jan/21]
  AFC Bournemouth       2-2  Watford FC
  Arsenal FC            2-1  Burnley FC
  Chelsea FC            2-0  Hull City
  Crystal Palace        0-1  Everton FC
  Liverpool FC          2-3  Swansea City
  Manchester City       2-2  Tottenham Hotspur
  Middlesbrough FC      1-3  West Ham United
  Southampton FC        3-0  Leicester City
  Stoke City            1-1  Manchester United
  West Bromwich Albion  2-0  Sunderland AFC

Matchday 23

[Tue Jan/31]
  AFC Bournemouth       0-2  Crystal Palace
  Arsenal FC            1-2  Watford FC
  Burnley FC            1-0  Leicester City
  Manchester United     0-0  Hull City
  Middlesbrough FC      1-1  West Bromwich Albion
  Sunderland AFC        0-0  Tottenham Hotspur
  Swansea City          2-1  Southampton FC
  West Ham United       0-4  Manchester City
[Wed Feb/1]
  Liverpool FC          1-1  Chelsea FC
  Stoke City            1-1  Everton FC

Matchday 24

[Sat Feb/4]
  Chelsea FC            3-1  Arsenal FC
  Crystal Palace        0-4  Sunderland AFC
  Everton FC            6-3  AFC Bournemouth
  Hull City             2-0  Liverpool FC
  Leicester City        0-3  Manchester United
  Manchester City       2-1  Swansea City
  Southampton FC        1-3  West Ham United
  Tottenham Hotspur     1-0  Middlesbrough FC
  Watford FC            2-1  Burnley FC
  West Bromwich Albion  1-0  Stoke City

Matchday 25

[Sat Feb/11]
  AFC Bournemouth       0-2 Manchester City
  Arsenal FC            2-0  Hull City
  Burnley FC            1-1  Chelsea FC
  Liverpool FC          2-0  Tottenham Hotspur
  Manchester United     2-0  Watford FC
  Middlesbrough FC      0-0  Everton FC
  Stoke City            1-0  Crystal Palace
  Sunderland AFC        0-2  Southampton FC
  Swansea City          2-0  Leicester City
  West Ham United       2-2  West Bromwich Albion

Matchday 26

[Sat Feb/25]
  Chelsea FC            3-1  Swansea City
  Crystal Palace        1-0  Middlesbrough FC
  Everton FC            2-0  Sunderland AFC
  Hull City             1-1  Burnley FC
  Leicester City        3-1  Liverpool FC
  Manchester City  Manchester United         postponed to 27.4.
  Southampton FC  Arsenal FC                 postponed
  Tottenham Hotspur     4-0  Stoke City
  Watford FC            1-1  West Ham United
  West Bromwich Albion  2-1  AFC Bournemouth

Matchday 27

[Sat Mar/4]
  Leicester City        3-1  Hull City
  Liverpool FC          3-1  Arsenal FC
  Manchester United     1-1  AFC Bournemouth
  Stoke City            2-0  Middlesbrough FC
  Sunderland AFC        0-2  Manchester City
  Swansea City          3-2  Burnley FC
  Tottenham Hotspur     3-2  Everton FC
  Watford FC            3-4  Southampton FC
  West Bromwich Albion  0-2  Crystal Palace
  West Ham United       1-2  Chelsea FC

Matchday 28

[Sat Mar/11]
  AFC Bournemouth       3-2  West Ham United
  Arsenal FC  Leicester City                postponed to 26.4.
  Liverpool FC          2-1 Burnley FC
  Chelsea FC  Watford FC                    postponed
  Everton FC            3-0  West Bromwich Albion
  Hull City             2-1  Swansea City
  Manchester City       0-0  Stoke City               
  Middlesbrough FC  Sunderland AFC          postponed to 26.4
  Southampton FC  Manchester United         postponed
  Crystal Palace  Tottenham Hotspur         postponed to 26.4.

Matchday 29

[Sat Mar/18]
  AFC Bournemouth       2-0  Swansea City
  Crystal Palace        1-0  Watford FC
  Everton FC            4-0  Hull City
  Manchester City       1-1  Liverpool FC
  Middlesbrough FC      1-3  Manchester United        
  Stoke City            1-2  Chelsea FC
  Sunderland AFC        0-0  Burnley FC
  Tottenham Hotspur     2-1  Southampton FC
  West Bromwich Albion  3-1  Arsenal FC
  West Ham United       2-3  Leicester City

Matchday 30

[Sat Apr/1]
  Arsenal FC            2-2  Manchester City
  Burnley FC            0-2  Tottenham Hotspur
  Chelsea FC            1-2  Crystal Palace
  Hull City             2-1  West Ham United
  Leicester City        2-0  Stoke City
  Liverpool FC          3-1  Everton FC
  Manchester United     0-0  West Bromwich Albion
  Southampton FC        0-0  AFC Bournemouth
  Swansea City          0-0  Middlesbrough FC
  Watford FC            1-0  Sunderland AFC

Matchday 31

[Tue Apr/4]
  Burnley FC            1-0  Stoke City
  Leicester City        2-0  Sunderland AFC
  Manchester United     1-1  Everton FC
  Watford FC            2-0  West Bromwich Albion
[Wed Apr/5]
  Chelsea FC  Manchester City
  Liverpool FC  AFC Bournemouth
  Southampton FC  Crystal Palace
  Hull City  Middlesbrough FC
  Arsenal FC  West Ham United
  Swansea City  Tottenham Hotspur

Matchday 32

[Sat Apr/8]
  AFC Bournemouth  Chelsea FC
  Crystal Palace  Arsenal FC
  Everton FC  Leicester City
  Manchester City  Hull City
  Middlesbrough FC  Burnley FC
  Stoke City  Liverpool FC
  Sunderland AFC  Manchester United
  Tottenham Hotspur  Watford FC
  West Bromwich Albion  Southampton FC
  West Ham United  Swansea City

Matchday 33

[Sat Apr/15]
  Crystal Palace  Leicester City
  Everton FC  Burnley FC
  Manchester United  Chelsea FC
  Middlesbrough FC  Arsenal FC
  Southampton FC  Manchester City
  Stoke City  Hull City
  Sunderland AFC  West Ham United
  Tottenham Hotspur  AFC Bournemouth
  Watford FC  Swansea City
  West Bromwich Albion  Liverpool FC

Matchday 34

[Sat Apr/22]
  AFC Bournemouth  Middlesbrough FC
  Arsenal FC  Sunderland AFC
  Burnley FC  Manchester United
  Chelsea FC  Southampton FC
  Hull City  Watford FC
  Leicester City  Tottenham Hotspur
  Liverpool FC  Crystal Palace
  Manchester City  West Bromwich Albion
  Swansea City  Stoke City
  West Ham United  Everton FC
  
Postponed Matchday 28
  
(Wed Apr/26)
  Arsenal FC Leicester City
  Middlesbrough FC Sunderland AFC
  Crystal Palace Tottenham Hotspur
  
Postponed Matchday 26
  
(Thu Apr/27)
  Manchester City Manchester United
  
Matchday 35

[Sat Apr/29]
  Crystal Palace  Burnley FC
  Everton FC  Chelsea FC
  Manchester United  Swansea City
  Middlesbrough FC  Manchester City
  Southampton FC  Hull City
  Stoke City  West Ham United
  Sunderland AFC  AFC Bournemouth
  Tottenham Hotspur  Arsenal FC
  Watford FC  Liverpool FC
  West Bromwich Albion  Leicester City

Matchday 36

[Sat May/6]
  AFC Bournemouth  Stoke City
  Arsenal FC  Manchester United
  Burnley FC  West Bromwich Albion
  Chelsea FC  Middlesbrough FC
  Hull City  Sunderland AFC
  Leicester City  Watford FC
  Liverpool FC  Southampton FC
  Manchester City  Crystal Palace
  Swansea City  Everton FC
  West Ham United  Tottenham Hotspur

Matchday 37

[Sat May/13]
  AFC Bournemouth  Burnley FC
  Crystal Palace  Hull City
  Everton FC  Watford FC
  Manchester City  Leicester City
  Middlesbrough FC  Southampton FC
  Stoke City  Arsenal FC
  Sunderland AFC  Swansea City
  Tottenham Hotspur  Manchester United
  West Bromwich Albion  Chelsea FC
  West Ham United  Liverpool FC

Matchday 38

[Sun May/21]
  Arsenal FC  Everton FC
  Burnley FC  West Ham United
  Chelsea FC  Sunderland AFC
  Hull City  Tottenham Hotspur
  Leicester City  AFC Bournemouth
  Liverpool FC  Middlesbrough FC
  Manchester United  Crystal Palace
  Southampton FC  Stoke City
  Swansea City  West Bromwich Albion
  Watford FC  Manchester City
