= English Championship 2025/26

# Date       Fri Aug/8 2025 - Sat May/2 2026 (267d)
# Teams      24
# Matches    552



» Matchday 1
  Fri Aug/8 2025
    20.00  Birmingham City FC      v Ipswich Town FC          1-1 (0-0)
  Sat Aug/9
    12.30  Charlton Athletic FC    v Watford FC               1-0 (0-0)
           Coventry City FC        v Hull City AFC            0-0
           Southampton FC          v Wrexham AFC              2-1 (0-1)
    15.00  Middlesbrough FC        v Swansea City AFC         1-0 (0-0)
           Norwich City FC         v Millwall FC              1-2 (0-0)
           Oxford United FC        v Portsmouth FC            0-1 (0-1)
           Queens Park Rangers FC  v Preston North End FC     1-1 (1-0)
           Stoke City FC           v Derby County FC          3-1 (0-0)
           West Bromwich Albion FC v Blackburn Rovers FC      1-0 (1-0)
    17.30  Sheffield United FC     v Bristol City FC          1-4 (1-2)
  Sun Aug/10
    16.30  Leicester City FC       v Sheffield Wednesday FC   2-1 (0-1)


» Matchday 2
  Sat Aug/16
    12.30  Derby County FC         v Coventry City FC         3-5 (2-2)
           Portsmouth FC           v Norwich City FC          1-2 (0-2)
           Wrexham AFC             v West Bromwich Albion FC  2-3 (1-1)
    15.00  Blackburn Rovers FC     v Birmingham City FC       1-2 (0-0)
           Bristol City FC         v Charlton Athletic FC     0-0
           Millwall FC             v Middlesbrough FC         0-3 (0-0)
           Preston North End FC    v Leicester City FC        2-1 (1-0)
           Sheffield Wednesday FC  v Stoke City FC            0-3 (0-1)
           Swansea City AFC        v Sheffield United FC      1-0 (0-0)
           Watford FC              v Queens Park Rangers FC   2-1 (2-1)
  Sun Aug/17
    12.00  Ipswich Town FC         v Southampton FC           1-1 (1-1)
    15.00  Hull City AFC           v Oxford United FC         3-2 (2-2)


» Matchday 3
  Fri Aug/22
    20.00  Derby County FC         v Bristol City FC          1-1 (0-1)
  Sat Aug/23
    12.30  Charlton Athletic FC    v Leicester City FC        0-1 (0-0)
           Hull City AFC           v Blackburn Rovers FC      0-3 (0-1)
           Swansea City AFC        v Watford FC               1-1 (0-1)
    15.00  Birmingham City FC      v Oxford United FC         1-0 (1-0)
           Coventry City FC        v Queens Park Rangers FC   7-1 (5-0)
           Norwich City FC         v Middlesbrough FC         1-2 (0-2)
           Preston North End FC    v Ipswich Town FC          1-0 (1-0)
           Sheffield United FC     v Millwall FC              0-1 (0-1)
           Southampton FC          v Stoke City FC            1-2 (0-0)
           West Bromwich Albion FC v Portsmouth FC            1-1 (1-0)
           Wrexham AFC             v Sheffield Wednesday FC   2-2 (2-0)


» Matchday 4
  Fri Aug/29
    20.00  Leicester City FC       v Birmingham City FC       2-0 (1-0)
  Sat Aug/30
    12.30  Middlesbrough FC        v Sheffield United FC      1-0 (0-0)
           Queens Park Rangers FC  v Charlton Athletic FC     3-1 (1-0)
           Stoke City FC           v West Bromwich Albion FC  0-1 (0-1)
    15.00  Blackburn Rovers FC     v Norwich City FC          0-2 (0-1)
           Bristol City FC         v Hull City AFC            4-2 (3-1)
           Ipswich Town FC         v Derby County FC          2-2 (1-0)
           Millwall FC             v Wrexham AFC              0-2 (0-0)
           Oxford United FC        v Coventry City FC         2-2 (1-2)
           Portsmouth FC           v Preston North End FC     1-0 (1-0)
           Sheffield Wednesday FC  v Swansea City AFC         0-2 (0-0)
           Watford FC              v Southampton FC           2-2 (0-1)


» Matchday 5
  Fri Sep/12
    20.00  Ipswich Town FC         v Sheffield United FC      5-0 (1-0)
  Sat Sep/13
    12.30  Charlton Athletic FC    v Millwall FC              1-1 (1-0)
           Oxford United FC        v Leicester City FC        2-2 (2-1)
           Preston North End FC    v Middlesbrough FC         2-2 (1-0)
    15.00  Coventry City FC        v Norwich City FC          1-1 (0-1)
           Sheffield Wednesday FC  v Bristol City FC          0-3 (0-3)
           Stoke City FC           v Birmingham City FC       1-0 (1-0)
           Swansea City AFC        v Hull City AFC            2-2 (1-1)
           Watford FC              v Blackburn Rovers FC      0-1 (0-0)
           West Bromwich Albion FC v Derby County FC          0-1 (0-0)
           Wrexham AFC             v Queens Park Rangers FC   1-3 (0-2)
  Sun Sep/14
    12.00  Southampton FC          v Portsmouth FC            0-0


» Matchday 6
  Fri Sep/19
    20.00  Middlesbrough FC        v West Bromwich Albion FC  2-1 (1-0)
  Sat Sep/20
    12.30  Birmingham City FC      v Swansea City AFC         1-0 (0-0)
           Leicester City FC       v Coventry City FC         0-0
           Queens Park Rangers FC  v Stoke City FC            1-0 (0-0)
    15.00  Blackburn Rovers FC     v Ipswich Town FC          [cancelled]
           Derby County FC         v Preston North End FC     0-1 (0-1)
           Hull City AFC           v Southampton FC           3-1 (1-0)
           Norwich City FC         v Wrexham AFC              2-3 (1-0)
           Portsmouth FC           v Sheffield Wednesday FC   0-2 (0-1)
           Sheffield United FC     v Charlton Athletic FC     0-1 (0-0)
  Sun Sep/21
    15.00  Bristol City FC         v Oxford United FC         1-3 (0-2)
  Mon Sep/22
    20.00  Millwall FC             v Watford FC               1-0 (1-0)


» Matchday 7
  Fri Sep/26
    20.00  West Bromwich Albion FC v Leicester City FC        1-1 (1-0)
  Sat Sep/27
    12.30  Coventry City FC        v Birmingham City FC       3-0 (1-0)
           Swansea City AFC        v Millwall FC              1-1 (1-1)
           Wrexham AFC             v Derby County FC          1-1 (0-0)
    15.00  Charlton Athletic FC    v Blackburn Rovers FC      3-0 (1-0)
           Ipswich Town FC         v Portsmouth FC            2-1 (2-0)
           Oxford United FC        v Sheffield United FC      0-1 (0-0)
           Preston North End FC    v Bristol City FC          0-0
           Sheffield Wednesday FC  v Queens Park Rangers FC   1-1 (1-0)
           Southampton FC          v Middlesbrough FC         1-1 (0-0)
           Stoke City FC           v Norwich City FC          1-1 (0-1)
           Watford FC              v Hull City AFC            2-1 (0-1)


» Matchday 8
  Tue Sep/30
    19.45  Birmingham City FC      v Sheffield Wednesday FC   2-2 (1-1)
           Blackburn Rovers FC     v Swansea City AFC         1-2 (1-1)
           Bristol City FC         v Ipswich Town FC          1-1 (1-0)
           Hull City AFC           v Preston North End FC     2-2 (0-2)
           Leicester City FC       v Wrexham AFC              1-1 (1-0)
           Middlesbrough FC        v Stoke City FC            0-0
           Sheffield United FC     v Southampton FC           1-2 (1-0)
    20.00  Derby County FC         v Charlton Athletic FC     1-1 (0-1)
  Wed Oct/1
    19.45  Millwall FC             v Coventry City FC         0-4 (0-1)
           Norwich City FC         v West Bromwich Albion FC  0-1 (0-1)
           Portsmouth FC           v Watford FC               2-2 (1-0)
    20.00  Queens Park Rangers FC  v Oxford United FC         0-0


» Matchday 9
  Fri Oct/3
    20.00  Wrexham AFC             v Birmingham City FC       1-1 (1-0)
  Sat Oct/4
    12.30  Blackburn Rovers FC     v Stoke City FC            1-1 (0-0)
           Hull City AFC           v Sheffield United FC      1-0 (1-0)
           Sheffield Wednesday FC  v Coventry City FC         0-5 (0-3)
    15.00  Bristol City FC         v Queens Park Rangers FC   1-2 (1-0)
           Derby County FC         v Southampton FC           1-1 (1-1)
           Millwall FC             v West Bromwich Albion FC  3-0 (1-0)
           Portsmouth FC           v Middlesbrough FC         1-0 (1-0)
           Preston North End FC    v Charlton Athletic FC     2-0 (0-0)
           Swansea City AFC        v Leicester City FC        1-3 (0-1)
           Watford FC              v Oxford United FC         2-1 (2-1)
  Sun Oct/5
    12.00  Ipswich Town FC         v Norwich City FC          3-1 (2-1)


» Matchday 10
  Fri Oct/17
    20.00  Middlesbrough FC        v Ipswich Town FC          2-1 (1-0)
  Sat Oct/18
    12.30  Oxford United FC        v Derby County FC          1-0 (1-0)
           Queens Park Rangers FC  v Millwall FC              1-2 (0-2)
           Southampton FC          v Swansea City AFC         0-0
    15.00  Birmingham City FC      v Hull City AFC            2-3 (1-2)
           Charlton Athletic FC    v Sheffield Wednesday FC   2-1 (2-0)
           Coventry City FC        v Blackburn Rovers FC      2-0 (0-0)
           Norwich City FC         v Bristol City FC          0-1 (0-0)
           Sheffield United FC     v Watford FC               1-0 (0-0)
           Stoke City FC           v Wrexham AFC              1-0 (1-0)
           West Bromwich Albion FC v Preston North End FC     2-1 (1-0)
    19.45  Leicester City FC       v Portsmouth FC            1-1 (1-0)


» Matchday 11
  Tue Oct/21
    19.45  Blackburn Rovers FC     v Sheffield United FC      1-3 (1-0)
           Derby County FC         v Norwich City FC          1-0 (0-0)
           Hull City AFC           v Leicester City FC        2-1 (2-0)
           Ipswich Town FC         v Charlton Athletic FC     0-3 (0-0)
           Millwall FC             v Stoke City FC            2-0 (2-0)
           Portsmouth FC           v Coventry City FC         1-2 (0-1)
           Preston North End FC    v Birmingham City FC       0-1 (0-1)
    20.00  Bristol City FC         v Southampton FC           3-1 (1-1)
  Wed Oct/22
    19.45  Swansea City AFC        v Queens Park Rangers FC   0-1 (0-1)
           Watford FC              v West Bromwich Albion FC  2-1 (1-1)
           Wrexham AFC             v Oxford United FC         1-0 (1-0)
    20.00  Sheffield Wednesday FC  v Middlesbrough FC         0-1 (0-1)


» Matchday 12
  Fri Oct/24
    20.00  Preston North End FC    v Sheffield United FC      3-2 (1-2)
  Sat Oct/25
    12.30  Coventry City FC        v Watford FC               3-1 (3-0)
           Ipswich Town FC         v West Bromwich Albion FC  1-0 (0-0)
           Portsmouth FC           v Stoke City FC            0-1 (0-0)
    15.00  Blackburn Rovers FC     v Southampton FC           2-1 (0-1)
           Bristol City FC         v Birmingham City FC       1-0 (1-0)
           Derby County FC         v Queens Park Rangers FC   1-0 (1-0)
           Hull City AFC           v Charlton Athletic FC     1-1 (0-0)
           Middlesbrough FC        v Wrexham AFC              1-1 (0-1)
           Millwall FC             v Leicester City FC        1-0 (1-0)
           Sheffield Wednesday FC  v Oxford United FC         1-2 (0-2)
           Swansea City AFC        v Norwich City FC          2-1 (1-1)


» Matchday 13
  Fri Oct/31
    20.00  Wrexham AFC             v Coventry City FC         3-2 (0-1)
  Sat Nov/1
    12.30  Leicester City FC       v Blackburn Rovers FC      0-2 (0-1)
           Norwich City FC         v Hull City AFC            0-2 (0-0)
           West Bromwich Albion FC v Sheffield Wednesday FC   0-0
    15.00  Birmingham City FC      v Portsmouth FC            4-0 (1-0)
           Charlton Athletic FC    v Swansea City AFC         1-1 (0-0)
           Oxford United FC        v Millwall FC              2-2 (1-1)
           Queens Park Rangers FC  v Ipswich Town FC          1-4 (1-1)
           Sheffield United FC     v Derby County FC          1-3 (0-1)
           Southampton FC          v Preston North End FC     0-2 (0-1)
           Stoke City FC           v Bristol City FC          5-1 (3-0)
           Watford FC              v Middlesbrough FC         3-0 (2-0)


» Matchday 14
  Tue Nov/4
    19.45  Birmingham City FC      v Millwall FC              4-0 (2-0)
           Bristol City FC         v Blackburn Rovers FC      0-1 (0-1)
           Charlton Athletic FC    v West Bromwich Albion FC  1-0 (0-0)
           Derby County FC         v Hull City AFC            2-1 (1-0)
           Ipswich Town FC         v Watford FC               1-1 (1-1)
           Leicester City FC       v Middlesbrough FC         1-1 (1-0)
           Oxford United FC        v Stoke City FC            0-3 (0-2)
    20.00  Coventry City FC        v Sheffield United FC      3-1 (0-1)
  Wed Nov/5
    19.45  Preston North End FC    v Swansea City AFC         2-1 (1-0)
           Queens Park Rangers FC  v Southampton FC           1-2 (0-0)
           Sheffield Wednesday FC  v Norwich City FC          1-1 (1-0)
    20.00  Portsmouth FC           v Wrexham AFC              0-0


» Matchday 15
  Fri Nov/7
    20.00  Watford FC              v Bristol City FC          1-1 (1-1)
  Sat Nov/8
    12.30  Blackburn Rovers FC     v Derby County FC          1-2 (0-2)
           Hull City AFC           v Portsmouth FC            3-2 (2-2)
           Millwall FC             v Preston North End FC     1-1 (1-1)
    15.00  Middlesbrough FC        v Birmingham City FC       2-1 (2-1)
           Norwich City FC         v Leicester City FC        1-2 (0-0)
           Sheffield United FC     v Queens Park Rangers FC   0-0
           Southampton FC          v Sheffield Wednesday FC   3-1 (2-1)
           Stoke City FC           v Coventry City FC         0-1 (0-0)
           Swansea City AFC        v Ipswich Town FC          1-4 (0-1)
           West Bromwich Albion FC v Oxford United FC         2-1 (0-0)
           Wrexham AFC             v Charlton Athletic FC     1-0 (0-0)


» Matchday 16
  Fri Nov/21
    20.00  Preston North End FC    v Blackburn Rovers FC    1-1 (0-0)
  Sat Nov/22
    12.30  Bristol City FC         v Swansea City AFC       2-0 (1-0)
           Charlton Athletic FC    v Southampton FC         0-3 (0-2)
           Coventry City FC        v West Bromwich Albion FC 1-1 (0-0)
    15.00  Birmingham City FC      v Norwich City FC        1-2 (0-1)
           Derby County FC         v Watford FC             2-2 (1-1)
           Ipswich Town FC         v Wrexham AFC            3-1 (2-0)
           Leicester City FC       v Stoke City FC          2-0 (1-0)
           Oxford United FC        v Middlesbrough FC       0-1 (0-0)
           Portsmouth FC           v Millwall FC            1-1 (1-0)
           Queens Park Rangers FC  v Hull City AFC          2-1 (1-1)
  Sun Nov/23
    12.00  Sheffield Wednesday FC  v Sheffield United FC    0-0


» Matchday 17
  Tue Nov/25
    19.45  Hull City AFC           v Ipswich Town FC        1-3 (0-2)
           Middlesbrough FC        v Coventry City FC       2-2 (1-1)
           Stoke City FC           v Charlton Athletic FC   1-0 (0-0)
           Swansea City AFC        v Derby County FC        2-1 (1-0)
           Watford FC              v Preston North End FC   0-1 (0-1)
           Norwich City FC         v Oxford United FC       3-0 (2-0)
    20.00  Southampton FC          v Leicester City FC      1-2 (0-1)
  Wed Nov/26
    19.45  Millwall FC             v Sheffield Wednesday FC 1-1 (1-0)
           Sheffield United FC     v Portsmouth FC          2-0 (1-0)
           Blackburn Rovers FC     v Queens Park Rangers FC 3-1 (2-0)
           Wrexham AFC             v Bristol City FC        2-2 (1-1)
    20.00  West Bromwich Albion FC v Birmingham City FC     1-0 (0-0)


» Matchday 18
  Fri Nov/28
    20.00  Oxford United FC        v Ipswich Town FC        0-4 (0-2)
  Sat Nov/29
    12.30  Leicester City FC       v Sheffield United FC    3-1 (1-0)
           Portsmouth FC           v Bristol City FC        1-2 (0-1)
           Stoke City FC           v Hull City AFC          1-1 (1-0)
    15.00  Coventry City FC        v Charlton Athletic FC   2-0 (1-0)
           Middlesbrough FC        v Derby County FC        1-0 (0-0)
           Millwall FC             v Southampton FC         0-2 (0-1)
           Norwich City FC         v Queens Park Rangers FC 3-3 (1-2)
           Sheffield Wednesday FC  v Preston North End FC   0-1 (0-1)
           West Bromwich Albion FC v Swansea City AFC       0-0
           Wrexham AFC             v Blackburn Rovers FC    2-1 (1-1)
  Mon Dec/1
    20.00  Birmingham City FC      v Watford FC             1-1 (0-1)


» Matchday 19
  Fri Dec/5
    20.00  Hull City AFC           v Middlesbrough FC       0-2 (0-1)
  Sat Dec/6
    12.30  Charlton Athletic FC    v Portsmouth FC          1-0 (0-0)
           Derby County FC         v Leicester City FC      1-3 (0-2)
           Watford FC              v Norwich City FC        2-1 (1-0)
    15.00  Blackburn Rovers FC     v Sheffield Wednesday FC 2-0 (1-0)
           Bristol City FC         v Millwall FC            1-1 (0-1)
           Ipswich Town FC         v Coventry City FC       2-2 (1-1)
           Preston North End FC    v Wrexham AFC            1-2 (0-0)
           Queens Park Rangers FC  v West Bromwich Albion FC 0-1 (0-0)
           Sheffield United FC     v Stoke City FC          1-0 (0-0)
           Southampton FC          v Birmingham City FC     4-1 (2-0)
           Swansea City AFC        v Oxford United FC       3-0 (1-0)


» Matchday 20
  Tue Dec/9
    19.45  Blackburn Rovers FC     v Oxford United FC       2-0 (1-0)
           Charlton Athletic FC    v Middlesbrough FC       0-1 (0-1)
           Preston North End FC    v Coventry City FC       1-3 (0-2)
           Sheffield United FC     v Norwich City FC        1-1 (1-0)
           Southampton FC          v West Bromwich Albion FC 2-2 (1-1)
           Swansea City AFC        v Portsmouth FC          1-0 (0-0)
           Watford FC              v Sheffield Wednesday FC 3-1 (2-0)
    20.00  Queens Park Rangers FC  v Birmingham City FC     1-2 (0-1)
  Wed Dec/10
    19.45  Bristol City FC         v Leicester City FC      0-2 (0-1)
           Derby County FC         v Millwall FC            0-0
           Ipswich Town FC         v Stoke City FC          2-1 (1-0)
    20.00  Hull City AFC           v Wrexham AFC            3-3 (1-2)


» Matchday 21
  Fri Dec/12
    20.00  West Bromwich Albion FC v Sheffield United FC    1-0 (0-0)
  Sat Dec/13
    12.30  Norwich City FC         v Southampton FC         2-3 (1-1)
           Oxford United FC        v Preston North End FC   0-0
           Stoke City FC           v Swansea City AFC       1-1 (1-0)
    15.00  Birmingham City FC      v Charlton Athletic FC   2-0 (1-0)
           Coventry City FC        v Bristol City FC        4-1 (2-0)
           Leicester City FC       v Ipswich Town FC        1-1 (0-0)
           Middlesbrough FC        v Queens Park Rangers FC 2-0 (1-0)
           Millwall FC             v Hull City AFC          2-1 (1-0)
           Portsmouth FC           v Blackburn Rovers FC    0-1 (0-0)
           Wrexham AFC             v Watford FC             1-2 (0-1)
  Mon Dec/15
    20.00  Sheffield Wednesday FC  v Derby County FC        1-0 (1-0)


» Matchday 22
  Fri Dec/19
    20.00  Swansea City AFC        v Wrexham AFC            2-2 (1-1)
  Sat Dec/20
    12.30  Blackburn Rovers FC     v Millwall FC            1-0 (0-0)
           Preston North End FC    v Norwich City FC        0-2 (0-1)
           Southampton FC          v Coventry City FC       3-2 (1-2)
    15.00  Bristol City FC         v Middlesbrough FC       1-1 (0-0)
           Charlton Athletic FC    v Oxford United FC       2-1 (1-0)
           Derby County FC         v Portsmouth FC          3-0 (2-0)
           Hull City AFC           v West Bromwich Albion FC 0-1 (0-1)
           Ipswich Town FC         v Sheffield Wednesday FC 2-0 (1-0)
           Queens Park Rangers FC  v Leicester City FC      0-3 (0-1)
           Sheffield United FC     v Birmingham City FC     1-1 (0-1)
           Watford FC              v Stoke City FC          0-0


» Matchday 23
  Fri Dec/26
    12.30  Birmingham City FC      v Derby County FC        2-1 (1-0)
    13.00  Millwall FC             v Ipswich Town FC        0-2 (0-1)
    15.00  Coventry City FC        v Swansea City AFC       3-1 (2-0)
           Leicester City FC       v Watford FC             2-0 (1-0)
           Middlesbrough FC        v Blackburn Rovers FC    0-0
           Norwich City FC         v Charlton Athletic FC   1-0 (0-0)
           Oxford United FC        v Southampton FC         1-4 (0-2)
           Portsmouth FC           v Queens Park Rangers FC 1-2 (0-1)
           Sheffield Wednesday FC  v Hull City AFC          2-2 (1-1)
           Stoke City FC           v Preston North End FC   1-0 (0-0)
           West Bromwich Albion FC v Bristol City FC        1-1 (1-0)
    17.30  Wrexham AFC             v Sheffield United FC    3-2 (1-1)


» Matchday 24
  Mon Dec/29
    18.00  Coventry City FC        v Ipswich Town FC        1-1 (0-1)
    19.45  Leicester City FC       v Derby County FC        4-0 (2-0)
           Middlesbrough FC        v Hull City AFC          2-0 (1-0)
           Millwall FC             v Bristol City FC        1-0 (0-0)
           Norwich City FC         v Watford FC             1-1 (0-1)
           Oxford United FC        v Swansea City AFC       0-2 (0-1)
           Portsmouth FC           v Charlton Athletic FC   1-1 (1-0)
           Sheffield Wednesday FC  v Blackburn Rovers FC    0-1 (0-0)
           Stoke City FC           v Sheffield United FC    0-0
           West Bromwich Albion FC v Queens Park Rangers FC 2-1 (1-1)
           Wrexham AFC             v Preston North End FC   2-2 (1-1)
    20.15  Birmingham City FC      v Southampton FC         0-3 (0-1)


» Matchday 25
  Thu Jan/1 2026
    12.30  Blackburn Rovers FC     v Wrexham AFC
    15.00  Bristol City FC         v Portsmouth FC
           Charlton Athletic FC    v Coventry City FC
           Derby County FC         v Middlesbrough FC
           Hull City AFC           v Stoke City FC
           Ipswich Town FC         v Oxford United FC
           Preston North End FC    v Sheffield Wednesday FC
           Queens Park Rangers FC  v Norwich City FC
           Southampton FC          v Millwall FC
           Swansea City AFC        v West Bromwich Albion FC
           Watford FC              v Birmingham City FC
    17.30  Sheffield United FC     v Leicester City FC


» Matchday 26
  Sun Jan/4
    12.00  Birmingham City FC      v Coventry City FC
           Queens Park Rangers FC  v Sheffield Wednesday FC
           Sheffield United FC     v Oxford United FC
    15.00  Blackburn Rovers FC     v Charlton Athletic FC
           Bristol City FC         v Preston North End FC
           Derby County FC         v Wrexham AFC
           Hull City AFC           v Watford FC
           Middlesbrough FC        v Southampton FC
           Millwall FC             v Swansea City AFC
           Norwich City FC         v Stoke City FC
           Portsmouth FC           v Ipswich Town FC
  Mon Jan/5
    20.00  Leicester City FC       v West Bromwich Albion FC


» Matchday 27
  Sat Jan/17
    15.00  Charlton Athletic FC    v Sheffield United FC
           Coventry City FC        v Leicester City FC
           Ipswich Town FC         v Blackburn Rovers FC
           Oxford United FC        v Bristol City FC
           Preston North End FC    v Derby County FC
           Sheffield Wednesday FC  v Portsmouth FC
           Southampton FC          v Hull City AFC
           Stoke City FC           v Queens Park Rangers FC
           Swansea City AFC        v Birmingham City FC
           Watford FC              v Millwall FC
           West Bromwich Albion FC v Middlesbrough FC
           Wrexham AFC             v Norwich City FC


» Matchday 28
  Tue Jan/20
    19.45  Coventry City FC        v Millwall FC
           Ipswich Town FC         v Bristol City FC
           Oxford United FC        v Queens Park Rangers FC
           Preston North End FC    v Hull City AFC
           Sheffield Wednesday FC  v Birmingham City FC
           Swansea City AFC        v Blackburn Rovers FC
           West Bromwich Albion FC v Norwich City FC
           Wrexham AFC             v Leicester City FC
  Wed Jan/21
    19.45  Charlton Athletic FC    v Derby County FC
           Southampton FC          v Sheffield United FC
           Stoke City FC           v Middlesbrough FC
           Watford FC              v Portsmouth FC


» Matchday 29
  Sat Jan/24
    15.00  Birmingham City FC      v Stoke City FC
           Blackburn Rovers FC     v Watford FC
           Bristol City FC         v Sheffield Wednesday FC
           Derby County FC         v West Bromwich Albion FC
           Hull City AFC           v Swansea City AFC
           Leicester City FC       v Oxford United FC
           Middlesbrough FC        v Preston North End FC
           Millwall FC             v Charlton Athletic FC
           Norwich City FC         v Coventry City FC
           Portsmouth FC           v Southampton FC
           Queens Park Rangers FC  v Wrexham AFC
           Sheffield United FC     v Ipswich Town FC


» Matchday 30
  Sat Jan/31
    15.00  Blackburn Rovers FC     v Hull City AFC
           Bristol City FC         v Derby County FC
           Ipswich Town FC         v Preston North End FC
           Leicester City FC       v Charlton Athletic FC
           Middlesbrough FC        v Norwich City FC
           Millwall FC             v Sheffield United FC
           Oxford United FC        v Birmingham City FC
           Portsmouth FC           v West Bromwich Albion FC
           Queens Park Rangers FC  v Coventry City FC
           Sheffield Wednesday FC  v Wrexham AFC
           Stoke City FC           v Southampton FC
           Watford FC              v Swansea City AFC


» Matchday 31
  Sat Feb/7
    15.00  Birmingham City FC      v Leicester City FC
           Charlton Athletic FC    v Queens Park Rangers FC
           Coventry City FC        v Oxford United FC
           Derby County FC         v Ipswich Town FC
           Hull City AFC           v Bristol City FC
           Norwich City FC         v Blackburn Rovers FC
           Preston North End FC    v Portsmouth FC
           Sheffield United FC     v Middlesbrough FC
           Southampton FC          v Watford FC
           Swansea City AFC        v Sheffield Wednesday FC
           West Bromwich Albion FC v Stoke City FC
           Wrexham AFC             v Millwall FC


» Matchday 32
  Sat Feb/14
    15.00  Birmingham City FC      v West Bromwich Albion FC
           Bristol City FC         v Wrexham AFC
           Charlton Athletic FC    v Stoke City FC
           Coventry City FC        v Middlesbrough FC
           Derby County FC         v Swansea City AFC
           Ipswich Town FC         v Hull City AFC
           Leicester City FC       v Southampton FC
           Oxford United FC        v Norwich City FC
           Portsmouth FC           v Sheffield United FC
           Preston North End FC    v Watford FC
           Queens Park Rangers FC  v Blackburn Rovers FC
           Sheffield Wednesday FC  v Millwall FC


» Matchday 33
  Sat Feb/21
    15.00  Blackburn Rovers FC     v Preston North End FC
           Hull City AFC           v Queens Park Rangers FC
           Middlesbrough FC        v Oxford United FC
           Millwall FC             v Portsmouth FC
           Norwich City FC         v Birmingham City FC
           Sheffield United FC     v Sheffield Wednesday FC
           Southampton FC          v Charlton Athletic FC
           Stoke City FC           v Leicester City FC
           Swansea City AFC        v Bristol City FC
           Watford FC              v Derby County FC
           West Bromwich Albion FC v Coventry City FC
           Wrexham AFC             v Ipswich Town FC


» Matchday 34
  Tue Feb/24
    19.45  Hull City AFC           v Derby County FC
           Middlesbrough FC        v Leicester City FC
           Southampton FC          v Queens Park Rangers FC
           Stoke City FC           v Oxford United FC
           Swansea City AFC        v Preston North End FC
           Watford FC              v Ipswich Town FC
           West Bromwich Albion FC v Charlton Athletic FC
           Wrexham AFC             v Portsmouth FC
  Wed Feb/25
    19.45  Blackburn Rovers FC     v Bristol City FC
           Millwall FC             v Birmingham City FC
           Norwich City FC         v Sheffield Wednesday FC
           Sheffield United FC     v Coventry City FC


» Matchday 35
  Sat Feb/28
    15.00  Birmingham City FC      v Middlesbrough FC
           Bristol City FC         v Watford FC
           Charlton Athletic FC    v Wrexham AFC
           Coventry City FC        v Stoke City FC
           Derby County FC         v Blackburn Rovers FC
           Ipswich Town FC         v Swansea City AFC
           Leicester City FC       v Norwich City FC
           Oxford United FC        v West Bromwich Albion FC
           Portsmouth FC           v Hull City AFC
           Preston North End FC    v Millwall FC
           Queens Park Rangers FC  v Sheffield United FC
           Sheffield Wednesday FC  v Southampton FC


» Matchday 36
  Sat Mar/7
    15.00  Blackburn Rovers FC     v Portsmouth FC
           Bristol City FC         v Coventry City FC
           Charlton Athletic FC    v Birmingham City FC
           Derby County FC         v Sheffield Wednesday FC
           Hull City AFC           v Millwall FC
           Ipswich Town FC         v Leicester City FC
           Preston North End FC    v Oxford United FC
           Queens Park Rangers FC  v Middlesbrough FC
           Sheffield United FC     v West Bromwich Albion FC
           Southampton FC          v Norwich City FC
           Swansea City AFC        v Stoke City FC
           Watford FC              v Wrexham AFC


» Matchday 37
  Tue Mar/10
    19.45  Birmingham City FC      v Queens Park Rangers FC
           Leicester City FC       v Bristol City FC
           Millwall FC             v Derby County FC
           Norwich City FC         v Sheffield United FC
           Portsmouth FC           v Swansea City AFC
           Sheffield Wednesday FC  v Watford FC
           Stoke City FC           v Ipswich Town FC
           Wrexham AFC             v Hull City AFC
  Wed Mar/11
    19.45  Coventry City FC        v Preston North End FC
           Middlesbrough FC        v Charlton Athletic FC
           Oxford United FC        v Blackburn Rovers FC
           West Bromwich Albion FC v Southampton FC


» Matchday 38
  Sat Mar/14
    15.00  Birmingham City FC      v Sheffield United FC
           Coventry City FC        v Southampton FC
           Leicester City FC       v Queens Park Rangers FC
           Middlesbrough FC        v Bristol City FC
           Millwall FC             v Blackburn Rovers FC
           Norwich City FC         v Preston North End FC
           Oxford United FC        v Charlton Athletic FC
           Portsmouth FC           v Derby County FC
           Sheffield Wednesday FC  v Ipswich Town FC
           Stoke City FC           v Watford FC
           West Bromwich Albion FC v Hull City AFC
           Wrexham AFC             v Swansea City AFC


» Matchday 39
  Sat Mar/21
    15.00  Blackburn Rovers FC     v Middlesbrough FC
           Bristol City FC         v West Bromwich Albion FC
           Charlton Athletic FC    v Norwich City FC
           Derby County FC         v Birmingham City FC
           Hull City AFC           v Sheffield Wednesday FC
           Ipswich Town FC         v Millwall FC
           Preston North End FC    v Stoke City FC
           Queens Park Rangers FC  v Portsmouth FC
           Sheffield United FC     v Wrexham AFC
           Southampton FC          v Oxford United FC
           Swansea City AFC        v Coventry City FC
           Watford FC              v Leicester City FC


» Matchday 40
  Fri Apr/3
    15.00  Middlesbrough FC        v Millwall FC
           Norwich City FC         v Portsmouth FC
           Oxford United FC        v Hull City AFC
           Queens Park Rangers FC  v Watford FC
           Sheffield United FC     v Swansea City AFC
           Southampton FC          v Ipswich Town FC
           Stoke City FC           v Sheffield Wednesday FC
           West Bromwich Albion FC v Wrexham AFC
           Birmingham City FC      v Blackburn Rovers FC
           Charlton Athletic FC    v Bristol City FC
           Coventry City FC        v Derby County FC
           Leicester City FC       v Preston North End FC


» Matchday 41
  Mon Apr/6
    15.00  Blackburn Rovers FC     v West Bromwich Albion FC
           Bristol City FC         v Sheffield United FC
           Derby County FC         v Stoke City FC
           Hull City AFC           v Coventry City FC
           Ipswich Town FC         v Birmingham City FC
           Millwall FC             v Norwich City FC
           Portsmouth FC           v Oxford United FC
           Preston North End FC    v Queens Park Rangers FC
           Sheffield Wednesday FC  v Leicester City FC
           Swansea City AFC        v Middlesbrough FC
           Watford FC              v Charlton Athletic FC
           Wrexham AFC             v Southampton FC


» Matchday 42
  Sat Apr/11
    15.00  Birmingham City FC      v Wrexham AFC
           Charlton Athletic FC    v Preston North End FC
           Coventry City FC        v Sheffield Wednesday FC
           Leicester City FC       v Swansea City AFC
           Middlesbrough FC        v Portsmouth FC
           Norwich City FC         v Ipswich Town FC
           Oxford United FC        v Watford FC
           Queens Park Rangers FC  v Bristol City FC
           Sheffield United FC     v Hull City AFC
           Southampton FC          v Derby County FC
           Stoke City FC           v Blackburn Rovers FC
           West Bromwich Albion FC v Millwall FC


» Matchday 43
  Sat Apr/18
    15.00  Blackburn Rovers FC     v Coventry City FC
           Bristol City FC         v Norwich City FC
           Derby County FC         v Oxford United FC
           Hull City AFC           v Birmingham City FC
           Ipswich Town FC         v Middlesbrough FC
           Millwall FC             v Queens Park Rangers FC
           Portsmouth FC           v Leicester City FC
           Preston North End FC    v West Bromwich Albion FC
           Sheffield Wednesday FC  v Charlton Athletic FC
           Swansea City AFC        v Southampton FC
           Watford FC              v Sheffield United FC
           Wrexham AFC             v Stoke City FC


» Matchday 44
  Tue Apr/21
    19.45  Coventry City FC        v Portsmouth FC
           Middlesbrough FC        v Sheffield Wednesday FC
           Norwich City FC         v Derby County FC
           Oxford United FC        v Wrexham AFC
           Queens Park Rangers FC  v Swansea City AFC
           Southampton FC          v Bristol City FC
           Stoke City FC           v Millwall FC
           West Bromwich Albion FC v Watford FC
  Wed Apr/22
    19.45  Birmingham City FC      v Preston North End FC
           Charlton Athletic FC    v Ipswich Town FC
           Leicester City FC       v Hull City AFC
           Sheffield United FC     v Blackburn Rovers FC


» Matchday 45
  Sat Apr/25
    15.00  Birmingham City FC      v Bristol City FC
           Charlton Athletic FC    v Hull City AFC
           Coventry City FC        v Wrexham AFC
           Leicester City FC       v Millwall FC
           Middlesbrough FC        v Watford FC
           Norwich City FC         v Swansea City AFC
           Oxford United FC        v Sheffield Wednesday FC
           Queens Park Rangers FC  v Derby County FC
           Sheffield United FC     v Preston North End FC
           Southampton FC          v Blackburn Rovers FC
           Stoke City FC           v Portsmouth FC
           West Bromwich Albion FC v Ipswich Town FC


» Matchday 46
  Sat May/2
    12.30  Blackburn Rovers FC     v Leicester City FC
           Bristol City FC         v Stoke City FC
           Derby County FC         v Sheffield United FC
           Hull City AFC           v Norwich City FC
           Ipswich Town FC         v Queens Park Rangers FC
           Millwall FC             v Oxford United FC
           Portsmouth FC           v Birmingham City FC
           Preston North End FC    v Southampton FC
           Sheffield Wednesday FC  v West Bromwich Albion FC
           Swansea City AFC        v Charlton Athletic FC
           Watford FC              v Coventry City FC
           Wrexham AFC             v Middlesbrough FC
