= English League One 2003/04

# Date       Sat Aug/9 2003 - Sat May/8 2004 (273d)
# Teams      24
# Matches    552



Matchday 1
[Sat Aug/9]
  15.00  Barnsley FC              1-0 (0-0)  Colchester United
         Bristol City             5-0 (2-0)  Notts County
         Luton Town               3-1 (0-1)  Rushden & Diamonds FC
         Oldham Athletic          1-3 (0-2)  Brighton & Hove Albion
         Peterborough United      3-4 (2-1)  Hartlepool United
         Plymouth Argyle          2-2 (1-1)  Grimsby Town
         Port Vale FC             2-1 (0-0)  AFC Bournemouth
         Queens Park Rangers      5-0 (2-0)  Blackpool FC
         Swindon Town             2-3 (1-3)  Sheffield Wednesday
         Tranmere Rovers          4-1 (2-0)  Brentford FC
         Wrexham AFC              0-0  Chesterfield FC
         Wycombe Wanderers        1-0 (1-0)  Stockport County


Matchday 2
[Fri Aug/15]
  19.45  Colchester United        0-1 (0-0)  Swindon Town
[Sat Aug/16]
  15.00  AFC Bournemouth          2-2 (2-1)  Barnsley FC
         Blackpool FC             3-2 (2-2)  Wycombe Wanderers
         Brentford FC             0-3 (0-1)  Peterborough United
         Chesterfield FC          1-1 (1-1)  Bristol City
         Grimsby Town             1-2 (1-0)  Port Vale FC
         Hartlepool United        0-0  Tranmere Rovers
         Notts County             0-1 (0-0)  Wrexham AFC
         Rushden & Diamonds FC    2-1 (0-0)  Plymouth Argyle
         Sheffield Wednesday      2-2 (1-1)  Oldham Athletic
         Stockport County         1-2 (0-1)  Luton Town
[Mon Aug/18]
  20.00  Brighton & Hove Albion   2-1 (1-1)  Queens Park Rangers


Matchday 3
[Sat Aug/23]
  15.00  Barnsley FC              1-0 (0-0)  Brighton & Hove Albion
         Bristol City             1-1 (0-0)  Hartlepool United
         Luton Town               1-2 (0-1)  Grimsby Town
         Oldham Athletic          2-3 (1-0)  Blackpool FC
         Peterborough United      0-1 (0-1)  Sheffield Wednesday
         Plymouth Argyle          3-1 (3-1)  Stockport County
         Port Vale FC             4-3 (1-2)  Colchester United
         Queens Park Rangers      1-0 (0-0)  AFC Bournemouth
         Swindon Town             4-0 (2-0)  Notts County
         Tranmere Rovers          1-2 (0-2)  Rushden & Diamonds FC
         Wrexham AFC              1-0 (1-0)  Brentford FC
         Wycombe Wanderers        3-3 (2-2)  Chesterfield FC


Matchday 4
[Mon Aug/25]
  15.00  AFC Bournemouth          2-2 (1-2)  Swindon Town
         Blackpool FC             0-2 (0-1)  Barnsley FC
         Brentford FC             2-1 (1-1)  Oldham Athletic
         Brighton & Hove Albion   2-0 (1-0)  Luton Town
         Chesterfield FC          1-1 (0-0)  Plymouth Argyle
         Grimsby Town             3-1 (1-0)  Wycombe Wanderers
         Hartlepool United        2-0 (1-0)  Port Vale FC
         Notts County             0-1 (0-1)  Peterborough United
         Rushden & Diamonds FC    3-3 (1-2)  Queens Park Rangers
         Sheffield Wednesday      2-3 (1-1)  Wrexham AFC
         Stockport County         1-1 (0-1)  Tranmere Rovers
[Tue Aug/26]
  19.45  Colchester United        2-1 (0-0)  Bristol City


Matchday 5
[Sat Aug/30]
  15.00  Barnsley FC              1-1 (0-0)  Notts County
         Bristol City             1-0 (0-0)  Grimsby Town
         Luton Town               3-2 (3-1)  Hartlepool United
         Oldham Athletic          3-2 (1-1)  Rushden & Diamonds FC
         Peterborough United      1-2 (0-1)  Stockport County
         Plymouth Argyle          3-3 (1-2)  Brighton & Hove Albion
         Port Vale FC             1-0 (0-0)  Brentford FC
         Queens Park Rangers      3-0 (1-0)  Chesterfield FC
         Swindon Town             2-2 (2-2)  Blackpool FC
         Tranmere Rovers          1-1 (1-1)  Colchester United
         Wrexham AFC              0-1 (0-1)  AFC Bournemouth
[Mon Sep/1]
  20.00  Wycombe Wanderers        1-2 (1-2)  Sheffield Wednesday


Matchday 6
[Sat Sep/6]
  12.05  AFC Bournemouth          0-0  Bristol City
  15.00  Brentford FC             1-3 (1-1)  Plymouth Argyle
         Brighton & Hove Albion   2-2 (1-1)  Swindon Town
         Chesterfield FC          0-2 (0-1)  Barnsley FC
         Colchester United        2-2 (1-0)  Queens Park Rangers
         Grimsby Town             1-1 (0-1)  Peterborough United
         Hartlepool United        0-0  Oldham Athletic
         Notts County             1-1 (0-1)  Luton Town
         Rushden & Diamonds FC    2-0 (1-0)  Wycombe Wanderers
         Sheffield Wednesday      2-0 (0-0)  Tranmere Rovers
         Stockport County         2-2 (2-0)  Port Vale FC


Matchday 7
[Fri Sep/12]
  19.45  Hartlepool United        8-1 (4-0)  Grimsby Town
[Sat Sep/13]
  15.00  Tranmere Rovers          0-0  Peterborough United
         Blackpool FC             1-2 (1-0)  AFC Bournemouth
         Chesterfield FC          0-1 (0-0)  Notts County
         Colchester United        1-0 (0-0)  Brighton & Hove Albion
         Oldham Athletic          1-1 (0-1)  Bristol City
         Plymouth Argyle          2-1 (0-0)  Luton Town
         Port Vale FC             3-1 (1-1)  Barnsley FC
         Queens Park Rangers      0-0  Wycombe Wanderers
         Rushden & Diamonds FC    0-1 (0-1)  Brentford FC
         Sheffield Wednesday      2-2 (2-0)  Stockport County
         Swindon Town             1-0 (0-0)  Wrexham AFC


Matchday 8
[Tue Sep/16]
  19.45  Wycombe Wanderers        1-2 (0-2)  Colchester United
         AFC Bournemouth          1-0 (0-0)  Sheffield Wednesday
         Barnsley FC              1-1 (0-0)  Oldham Athletic
         Brentford FC             0-0  Blackpool FC
         Brighton & Hove Albion   1-0 (1-0)  Chesterfield FC
         Bristol City             2-0 (1-0)  Tranmere Rovers
         Grimsby Town             1-2 (1-0)  Swindon Town
         Luton Town               2-0 (1-0)  Port Vale FC
         Notts County             1-3 (1-1)  Rushden & Diamonds FC
         Peterborough United      2-2 (1-1)  Plymouth Argyle
         Stockport County         1-2 (1-1)  Hartlepool United
         Wrexham AFC              0-2 (0-1)  Queens Park Rangers


Matchday 9
[Sat Sep/20]
  15.00  Grimsby Town             4-0 (1-0)  Chesterfield FC
         AFC Bournemouth          2-1 (0-1)  Rushden & Diamonds FC
         Barnsley FC              1-1 (0-1)  Swindon Town
         Brentford FC             2-1 (1-1)  Hartlepool United
         Brighton & Hove Albion   2-0 (1-0)  Sheffield Wednesday
         Bristol City             0-1 (0-0)  Port Vale FC
         Wycombe Wanderers        2-5 (0-3)  Oldham Athletic
         Luton Town               1-1 (0-0)  Queens Park Rangers
         Notts County             2-2 (1-1)  Tranmere Rovers
         Peterborough United      1-2 (0-1)  Colchester United
         Stockport County         1-3 (1-0)  Blackpool FC
         Wrexham AFC              2-2 (2-1)  Plymouth Argyle


Matchday 10
[Sat Sep/27]
  15.00  Sheffield Wednesday      0-0  Grimsby Town
  12.00  Tranmere Rovers          1-2 (1-0)  Wrexham AFC
  15.00  Blackpool FC             2-1 (2-1)  Notts County
         Chesterfield FC          1-2 (0-0)  Brentford FC
         Colchester United        1-0 (0-0)  AFC Bournemouth
         Hartlepool United        0-0  Brighton & Hove Albion
         Oldham Athletic          3-0 (2-0)  Luton Town
         Plymouth Argyle          2-0 (1-0)  Barnsley FC
         Port Vale FC             1-1 (1-0)  Wycombe Wanderers
         Queens Park Rangers      1-1 (0-0)  Bristol City
         Rushden & Diamonds FC    2-2 (1-1)  Stockport County
         Swindon Town             2-0 (0-0)  Peterborough United


Matchday 11
[Tue Sep/30]
  19.45  Tranmere Rovers          2-1 (1-0)  Wycombe Wanderers
         Blackpool FC             0-1 (0-0)  Grimsby Town
         Chesterfield FC          1-1 (1-0)  AFC Bournemouth
         Colchester United        1-1 (0-1)  Brentford FC
         Hartlepool United        2-0 (2-0)  Wrexham AFC
         Oldham Athletic          2-0 (1-0)  Stockport County
         Plymouth Argyle          0-1 (0-1)  Bristol City
         Port Vale FC             3-0 (1-0)  Peterborough United
         Queens Park Rangers      4-0 (0-0)  Barnsley FC
         Rushden & Diamonds FC    1-3 (0-1)  Brighton & Hove Albion
[Wed Oct/1]
  19.45  Swindon Town             2-2 (1-0)  Luton Town
         Sheffield Wednesday      2-1 (1-0)  Notts County


Matchday 12
[Sat Oct/4]
  15.00  Wycombe Wanderers        0-0  Plymouth Argyle
         AFC Bournemouth          2-2 (0-1)  Hartlepool United
         Barnsley FC              2-0 (1-0)  Rushden & Diamonds FC
         Brentford FC             0-3 (0-2)  Sheffield Wednesday
         Brighton & Hove Albion   3-0 (2-0)  Blackpool FC
         Bristol City             2-1 (0-1)  Swindon Town
         Grimsby Town             0-1 (0-0)  Queens Park Rangers
         Notts County             3-0 (1-0)  Colchester United
         Peterborough United      2-2 (1-1)  Oldham Athletic
         Stockport County         0-0  Chesterfield FC
         Wrexham AFC              2-1 (1-1)  Port Vale FC
[Mon Oct/6]
  20.00  Luton Town               3-1 (1-0)  Tranmere Rovers


Matchday 13
[Fri Oct/10]
  19.45  Bristol City             1-1 (1-0)  Peterborough United
         Hartlepool United        1-1 (0-0)  Sheffield Wednesday
[Sat Oct/11]
  15.00  Colchester United        1-1 (1-0)  Blackpool FC
  12.30  Oldham Athletic          2-1 (0-0)  Port Vale FC
  15.00  Brighton & Hove Albion   3-0 (0-0)  Grimsby Town
         Swindon Town             1-2 (1-0)  Stockport County
         Luton Town               3-1 (0-0)  Wycombe Wanderers
         Notts County             0-1 (0-0)  AFC Bournemouth
         Plymouth Argyle          6-0 (3-0)  Tranmere Rovers
         Rushden & Diamonds FC    2-1 (2-1)  Chesterfield FC


Matchday 14
[Sat Oct/18]
  15.00  Wycombe Wanderers        1-2 (0-2)  Barnsley FC
         Wrexham AFC              0-0  Bristol City
         Tranmere Rovers          2-1 (0-1)  Oldham Athletic
         AFC Bournemouth          1-0 (1-0)  Brighton & Hove Albion
         Blackpool FC             4-0 (3-0)  Hartlepool United
         Brentford FC             4-2 (1-0)  Luton Town
         Chesterfield FC          3-0 (2-0)  Swindon Town
         Grimsby Town             2-0 (1-0)  Colchester United
         Peterborough United      0-0  Queens Park Rangers
         Port Vale FC             1-5 (0-3)  Plymouth Argyle
         Sheffield Wednesday      0-0  Rushden & Diamonds FC
         Stockport County         2-2 (0-0)  Notts County


Matchday 15
[Tue Oct/21]
  19.45  Tranmere Rovers          1-0 (0-0)  Swindon Town
         Stockport County         1-3 (0-2)  Colchester United
         Chesterfield FC          1-2 (0-1)  Hartlepool United
         AFC Bournemouth          6-3 (4-2)  Luton Town
         Wrexham AFC              4-0 (2-0)  Oldham Athletic
         Wycombe Wanderers        3-0 (1-0)  Bristol City
         Blackpool FC             2-3 (1-1)  Rushden & Diamonds FC
         Brentford FC             4-0 (2-0)  Brighton & Hove Albion
         Port Vale FC             2-0 (2-0)  Queens Park Rangers
         Grimsby Town             2-0 (1-0)  Notts County
         Peterborough United      2-3 (2-1)  Barnsley FC
[Wed Oct/22]
  19.45  Sheffield Wednesday      1-3 (0-1)  Plymouth Argyle


Matchday 16
[Sat Oct/25]
  15.00  Queens Park Rangers      1-1 (0-1)  Tranmere Rovers
         Swindon Town             0-0  Port Vale FC
         Hartlepool United        1-1 (1-1)  Wycombe Wanderers
         Barnsley FC              0-0  Grimsby Town
         Brighton & Hove Albion   0-1 (0-0)  Stockport County
         Bristol City             1-1 (0-1)  Sheffield Wednesday
         Colchester United        1-0 (1-0)  Chesterfield FC
         Plymouth Argyle          1-0 (1-0)  Blackpool FC
         Luton Town               1-1 (1-0)  Peterborough United
         Notts County             2-0 (1-0)  Brentford FC
         Oldham Athletic          1-1 (1-1)  AFC Bournemouth
         Rushden & Diamonds FC    2-3 (0-2)  Wrexham AFC


Matchday 13
[Tue Oct/28]
  19.45  Barnsley FC              2-1 (1-0)  Wrexham AFC


Matchday 17
[Fri Oct/31]
  19.45  Wrexham AFC              0-1 (0-1)  Colchester United
[Sat Nov/1]
  15.00  Tranmere Rovers          1-1 (1-0)  AFC Bournemouth
         Swindon Town             2-0 (1-0)  Wycombe Wanderers
         Brentford FC             2-1 (0-0)  Barnsley FC
         Bristol City             1-1 (1-1)  Luton Town
         Chesterfield FC          1-0 (0-0)  Port Vale FC
         Notts County             1-0 (0-0)  Hartlepool United
         Peterborough United      2-2 (2-1)  Brighton & Hove Albion
         Plymouth Argyle          2-2 (1-1)  Oldham Athletic
         Rushden & Diamonds FC    3-1 (0-1)  Grimsby Town
         Sheffield Wednesday      0-1 (0-0)  Blackpool FC
         Stockport County         1-2 (0-2)  Queens Park Rangers


Matchday 6
[Tue Nov/11]
  19.45  Blackpool FC             0-1 (0-0)  Wrexham AFC


Matchday 13
[Tue Nov/11]
  19.45  Queens Park Rangers      1-0 (1-0)  Brentford FC


Matchday 18
[Sat Nov/15]
  15.00  AFC Bournemouth          1-2 (0-2)  Peterborough United
         Barnsley FC              2-0 (1-0)  Tranmere Rovers
         Blackpool FC             1-0 (1-0)  Chesterfield FC
         Brighton & Hove Albion   1-4 (1-3)  Bristol City
         Colchester United        3-1 (1-0)  Sheffield Wednesday
         Grimsby Town             1-1 (0-0)  Stockport County
         Hartlepool United        2-1 (1-0)  Rushden & Diamonds FC
         Luton Town               3-2 (1-2)  Wrexham AFC
         Oldham Athletic          0-1 (0-0)  Swindon Town
         Port Vale FC             1-0 (0-0)  Notts County
         Queens Park Rangers      3-0 (1-0)  Plymouth Argyle
         Wycombe Wanderers        1-2 (0-1)  Brentford FC


Matchday 19
[Sat Nov/22]
  15.00  Brentford FC             1-3 (1-1)  Grimsby Town
         Bristol City             2-1 (1-0)  Barnsley FC
         Chesterfield FC          1-1 (1-0)  Oldham Athletic
         Notts County             1-2 (1-2)  Brighton & Hove Albion
         Peterborough United      0-1 (0-0)  Blackpool FC
         Plymouth Argyle          2-0 (1-0)  Hartlepool United
         Rushden & Diamonds FC    4-0 (2-0)  Colchester United
         Sheffield Wednesday      0-0  Luton Town
         Stockport County         3-2 (2-0)  AFC Bournemouth
         Swindon Town             1-1 (1-0)  Queens Park Rangers
         Tranmere Rovers          1-0 (0-0)  Port Vale FC
         Wrexham AFC              0-0  Wycombe Wanderers


Matchday 20
[Sat Nov/29]
  15.00  AFC Bournemouth          1-0 (0-0)  Brentford FC
         Barnsley FC              3-3 (1-2)  Stockport County
         Blackpool FC             1-0 (0-0)  Bristol City
         Brighton & Hove Albion   2-0 (1-0)  Wrexham AFC
         Colchester United        0-2 (0-2)  Plymouth Argyle
         Grimsby Town             0-1 (0-0)  Tranmere Rovers
         Hartlepool United        2-0 (1-0)  Swindon Town
         Luton Town               1-0 (1-0)  Chesterfield FC
         Oldham Athletic          0-1 (0-1)  Notts County
         Port Vale FC             1-1 (1-1)  Rushden & Diamonds FC
         Queens Park Rangers      3-0 (1-0)  Sheffield Wednesday
         Wycombe Wanderers        1-2 (0-1)  Peterborough United


Matchday 21
[Fri Dec/12]
  19.45  Brighton & Hove Albion   1-1 (1-0)  Port Vale FC
[Sat Dec/13]
  13.00  Barnsley FC              1-1 (1-1)  Sheffield Wednesday
  15.00  AFC Bournemouth          0-0  Grimsby Town
         Blackpool FC             0-1 (0-1)  Luton Town
         Chesterfield FC          2-2 (2-1)  Tranmere Rovers
         Colchester United        2-1 (0-0)  Oldham Athletic
         Notts County             1-1 (0-1)  Wycombe Wanderers
         Queens Park Rangers      4-1 (3-0)  Hartlepool United
         Rushden & Diamonds FC    1-1 (1-0)  Bristol City
         Stockport County         1-1 (0-0)  Brentford FC
         Swindon Town             2-3 (0-1)  Plymouth Argyle
         Wrexham AFC              2-0 (0-0)  Peterborough United


Matchday 22
[Sat Dec/20]
  15.00  Brentford FC             0-2 (0-0)  Swindon Town
         Bristol City             1-0 (0-0)  Stockport County
         Hartlepool United        0-0  Colchester United
         Luton Town               0-1 (0-0)  Barnsley FC
         Oldham Athletic          2-1 (0-1)  Queens Park Rangers
         Peterborough United      3-1 (0-0)  Rushden & Diamonds FC
         Plymouth Argyle          3-0 (1-0)  Notts County
         Sheffield Wednesday      0-0  Chesterfield FC
         Tranmere Rovers          1-0 (0-0)  Brighton & Hove Albion
         Wycombe Wanderers        2-0 (1-0)  AFC Bournemouth


Matchday 23
[Fri Dec/26]
  15.00  Sheffield Wednesday      2-3 (2-1)  Port Vale FC
         Rushden & Diamonds FC    2-0 (1-0)  Swindon Town
  12.00  Brentford FC             1-2 (0-0)  Bristol City
  13.00  Brighton & Hove Albion   4-0 (2-0)  Wycombe Wanderers
  15.00  AFC Bournemouth          0-2 (0-2)  Plymouth Argyle
         Blackpool FC             2-1 (1-0)  Tranmere Rovers
         Chesterfield FC          2-1 (0-1)  Peterborough United
         Colchester United        1-1 (1-1)  Luton Town
         Grimsby Town             3-3 (1-2)  Oldham Athletic
         Hartlepool United        1-2 (1-1)  Barnsley FC
         Notts County             3-3 (2-2)  Queens Park Rangers
         Stockport County         0-1 (0-0)  Wrexham AFC


Matchday 24
[Sun Dec/28]
  15.00  Wycombe Wanderers        0-2 (0-2)  Rushden & Diamonds FC
         Wrexham AFC              4-2 (4-2)  Blackpool FC
  14.00  Barnsley FC              0-1 (0-0)  Chesterfield FC
  15.00  Bristol City             2-0 (1-0)  AFC Bournemouth
         Luton Town               2-0 (1-0)  Notts County
         Oldham Athletic          0-2 (0-1)  Hartlepool United
         Peterborough United      0-0  Grimsby Town
         Plymouth Argyle          2-0 (0-0)  Brentford FC
         Port Vale FC             2-2 (2-2)  Stockport County
         Queens Park Rangers      2-0 (1-0)  Colchester United
         Swindon Town             2-1 (1-0)  Brighton & Hove Albion
         Tranmere Rovers          2-2 (0-2)  Sheffield Wednesday


Matchday 25
[Sat Jan/3]
  15.00  Swindon Town             2-1 (1-1)  AFC Bournemouth
  13.00  Wrexham AFC              1-2 (0-1)  Sheffield Wednesday
  15.00  Wycombe Wanderers        4-1 (2-1)  Grimsby Town
         Queens Park Rangers      1-0 (1-0)  Rushden & Diamonds FC
         Plymouth Argyle          7-0 (6-0)  Chesterfield FC
         Oldham Athletic          1-1 (0-1)  Brentford FC
[Tue Jan/6]
  19.45  Peterborough United      5-2 (2-1)  Notts County


Matchday 26
[Sat Jan/10]
  15.00  Brentford FC             2-2 (1-1)  Tranmere Rovers
         Sheffield Wednesday      1-1 (0-0)  Swindon Town
         Rushden & Diamonds FC    2-2 (1-2)  Luton Town
         Notts County             1-2 (1-1)  Bristol City
         Hartlepool United        1-0 (1-0)  Peterborough United
         Grimsby Town             0-0  Plymouth Argyle
         Stockport County         2-0 (2-0)  Wycombe Wanderers
         AFC Bournemouth          2-1 (0-1)  Port Vale FC
         Blackpool FC             0-1 (0-1)  Queens Park Rangers
         Colchester United        1-1 (1-0)  Barnsley FC
         Brighton & Hove Albion   0-0  Oldham Athletic
         Chesterfield FC          2-1 (0-0)  Wrexham AFC


Matchday 22
[Wed Jan/14]
  19.45  Port Vale FC             2-1 (2-0)  Blackpool FC


Matchday 27
[Sat Jan/17]
  15.00  Tranmere Rovers          0-0  Hartlepool United
         Wrexham AFC              0-1 (0-1)  Notts County
         Wycombe Wanderers        0-3 (0-2)  Blackpool FC
         Swindon Town             2-0 (1-0)  Colchester United
         Queens Park Rangers      2-1 (2-1)  Brighton & Hove Albion
         Oldham Athletic          1-0 (1-0)  Sheffield Wednesday
         Barnsley FC              1-1 (0-1)  AFC Bournemouth
         Bristol City             4-0 (1-0)  Chesterfield FC
         Luton Town               2-2 (1-1)  Stockport County
         Plymouth Argyle          3-0 (0-0)  Rushden & Diamonds FC
         Peterborough United      0-0  Brentford FC
         Port Vale FC             5-1 (4-1)  Grimsby Town


Matchday 22
[Tue Jan/20]
  19.45  Grimsby Town             1-3 (0-2)  Wrexham AFC


Matchday 28
[Sat Jan/24]
  15.00  Notts County             1-2 (0-1)  Swindon Town
         Hartlepool United        1-2 (0-0)  Bristol City
         Chesterfield FC          2-2 (0-1)  Wycombe Wanderers
         Brighton & Hove Albion   1-0 (1-0)  Barnsley FC
         Brentford FC             0-1 (0-0)  Wrexham AFC
         AFC Bournemouth          1-0 (0-0)  Queens Park Rangers
         Sheffield Wednesday      2-0 (0-0)  Peterborough United
         Stockport County         0-2 (0-1)  Plymouth Argyle
         Blackpool FC             1-1 (1-0)  Oldham Athletic


Matchday 25
[Tue Jan/27]
  19.45  Tranmere Rovers          3-2 (1-1)  Stockport County
         Bristol City             1-0 (1-0)  Colchester United
         Port Vale FC             2-5 (1-2)  Hartlepool United
         Barnsley FC              3-0 (1-0)  Blackpool FC


Matchday 29
[Fri Jan/30]
  19.45  Sheffield Wednesday      1-1 (0-1)  Wycombe Wanderers
[Sat Jan/31]
  15.00  Rushden & Diamonds FC    4-1 (2-0)  Oldham Athletic
         Notts County             1-1 (1-0)  Barnsley FC
  17.35  Brighton & Hove Albion   2-1 (2-0)  Plymouth Argyle
  15.00  Stockport County         2-2 (2-2)  Peterborough United
         Blackpool FC             2-2 (1-0)  Swindon Town
         Brentford FC             3-2 (1-1)  Port Vale FC
         Chesterfield FC          4-2 (1-1)  Queens Park Rangers
         Colchester United        1-1 (0-1)  Tranmere Rovers


Matchday 30
[Sat Feb/7]
  15.00  Tranmere Rovers          1-1 (0-1)  Blackpool FC
         Wrexham AFC              0-0  Stockport County
         Wycombe Wanderers        1-1 (1-1)  Brighton & Hove Albion
         Swindon Town             4-2 (2-0)  Rushden & Diamonds FC
         Queens Park Rangers      3-2 (0-0)  Notts County
         Port Vale FC             3-0 (1-0)  Sheffield Wednesday
         Plymouth Argyle          0-0  AFC Bournemouth
         Barnsley FC              2-2 (0-1)  Hartlepool United
         Bristol City             3-1 (1-0)  Brentford FC
         Luton Town               1-0 (0-0)  Colchester United
         Peterborough United      0-2 (0-0)  Chesterfield FC
[Sun Feb/8]
  15.00  Oldham Athletic          6-0 (5-0)  Grimsby Town


Matchday 25
[Tue Feb/10]
  19.45  Luton Town               2-0 (1-0)  Brighton & Hove Albion


Matchday 31
[Sat Feb/14]
  15.00  Peterborough United      0-1 (0-0)  Bristol City
         Wycombe Wanderers        0-0  Luton Town
         Wrexham AFC              1-0 (1-0)  Barnsley FC
         Port Vale FC             1-0 (0-0)  Oldham Athletic
         Sheffield Wednesday      1-0 (0-0)  Hartlepool United
         Grimsby Town             2-1 (1-1)  Brighton & Hove Albion
         AFC Bournemouth          1-0 (0-0)  Notts County
         Brentford FC             1-1 (0-1)  Queens Park Rangers
         Chesterfield FC          2-0 (1-0)  Rushden & Diamonds FC
         Stockport County         2-4 (1-3)  Swindon Town


Matchday 29
[Tue Feb/17]
  19.45  Grimsby Town             1-2 (1-1)  Bristol City


Matchday 31
[Tue Feb/17]
  19.45  Tranmere Rovers          3-0 (2-0)  Plymouth Argyle


Matchday 32
[Fri Feb/20]
  19.45  Hartlepool United        1-1 (0-0)  Blackpool FC
         Queens Park Rangers      1-1 (0-1)  Peterborough United
[Sat Feb/21]
  15.00  Oldham Athletic          1-1 (0-0)  Tranmere Rovers
         Plymouth Argyle          2-1 (0-0)  Port Vale FC
         Luton Town               4-1 (1-0)  Brentford FC
         Swindon Town             2-0 (1-0)  Chesterfield FC
         Rushden & Diamonds FC    1-2 (0-1)  Sheffield Wednesday
         Notts County             4-1 (2-0)  Stockport County
         Barnsley FC              0-0  Wycombe Wanderers
         Brighton & Hove Albion   3-0 (3-0)  AFC Bournemouth
         Bristol City             1-0 (1-0)  Wrexham AFC
         Colchester United        2-0 (0-0)  Grimsby Town


Matchday 28
[Tue Feb/24]
  19.45  Rushden & Diamonds FC    2-1 (0-0)  Tranmere Rovers
         Colchester United        1-4 (1-3)  Port Vale FC
         Grimsby Town             3-2 (0-1)  Luton Town


Matchday 29
[Tue Feb/24]
  19.45  AFC Bournemouth          6-0 (2-0)  Wrexham AFC


Matchday 33
[Sat Feb/28]
  15.00  Wrexham AFC              1-1 (1-1)  Rushden & Diamonds FC
         Wycombe Wanderers        3-4 (2-3)  Hartlepool United
         AFC Bournemouth          1-0 (0-0)  Oldham Athletic
         Blackpool FC             0-1 (0-0)  Plymouth Argyle
         Brentford FC             2-3 (2-1)  Notts County
         Grimsby Town             6-1 (4-0)  Barnsley FC
         Peterborough United      1-2 (0-1)  Luton Town
         Sheffield Wednesday      1-0 (0-0)  Bristol City
         Stockport County         1-1 (1-0)  Brighton & Hove Albion


Matchday 34
[Tue Mar/2]
  19.45  Rushden & Diamonds FC    0-0  Blackpool FC
         Colchester United        2-1 (0-0)  Stockport County
         Queens Park Rangers      3-2 (0-1)  Port Vale FC
         Plymouth Argyle          2-0 (1-0)  Sheffield Wednesday
         Notts County             3-1 (2-1)  Grimsby Town
         Barnsley FC              0-1 (0-0)  Peterborough United
         Brighton & Hove Albion   1-0 (0-0)  Brentford FC
         Bristol City             1-1 (0-0)  Wycombe Wanderers
         Hartlepool United        2-0 (0-0)  Chesterfield FC
[Wed Mar/3]
  19.45  Swindon Town             2-0 (1-0)  Tranmere Rovers


Matchday 35
[Sat Mar/6]
  15.00  Swindon Town             2-1 (1-1)  Brentford FC
         Wrexham AFC              3-0 (3-0)  Grimsby Town
         Notts County             0-0  Plymouth Argyle
         Colchester United        1-2 (1-1)  Hartlepool United
         Stockport County         2-0 (1-0)  Bristol City
         Rushden & Diamonds FC    0-1 (0-1)  Peterborough United
         Queens Park Rangers      1-1 (0-1)  Oldham Athletic
         AFC Bournemouth          1-0 (1-0)  Wycombe Wanderers
         Barnsley FC              0-0  Luton Town
         Blackpool FC             2-1 (0-1)  Port Vale FC
[Sun Mar/7]
  14.00  Chesterfield FC          3-1 (1-0)  Sheffield Wednesday
[Wed Mar/10]
  19.45  Brighton & Hove Albion   3-0 (3-0)  Tranmere Rovers


Matchday 36
[Fri Mar/12]
  19.45  Bristol City             1-0 (1-0)  Rushden & Diamonds FC
[Sat Mar/13]
  15.00  Port Vale FC             1-1 (1-1)  Brighton & Hove Albion
         Peterborough United      6-1 (2-1)  Wrexham AFC
         Oldham Athletic          0-0  Colchester United
         Luton Town               3-2 (1-0)  Blackpool FC
         Hartlepool United        1-4 (0-0)  Queens Park Rangers
         Tranmere Rovers          2-3 (0-1)  Chesterfield FC
         Plymouth Argyle          2-1 (1-0)  Swindon Town
  14.00  Sheffield Wednesday      2-1 (1-0)  Barnsley FC
  15.00  Brentford FC             0-2 (0-0)  Stockport County
         Grimsby Town             1-1 (1-0)  AFC Bournemouth
         Wycombe Wanderers        1-1 (0-1)  Notts County


Matchday 37
[Tue Mar/16]
  19.45  Plymouth Argyle          2-0 (0-0)  Peterborough United
         Port Vale FC             1-0 (0-0)  Luton Town
         Colchester United        1-1 (1-1)  Wycombe Wanderers
         Queens Park Rangers      2-0 (0-0)  Wrexham AFC
         Rushden & Diamonds FC    2-1 (2-0)  Notts County
         Oldham Athletic          1-1 (0-1)  Barnsley FC
         Hartlepool United        2-2 (1-2)  Stockport County
         Blackpool FC             1-1 (0-1)  Brentford FC
         Chesterfield FC          0-2 (0-0)  Brighton & Hove Albion
[Wed Mar/17]
  19.45  Sheffield Wednesday      0-2 (0-2)  AFC Bournemouth
         Swindon Town             2-0 (2-0)  Grimsby Town


Matchday 38
[Sat Mar/20]
  15.00  Stockport County         1-0 (1-0)  Sheffield Wednesday
         Wrexham AFC              3-2 (1-0)  Swindon Town
         Wycombe Wanderers        2-2 (2-0)  Queens Park Rangers
  15.30  Brentford FC             3-2 (3-0)  Rushden & Diamonds FC
  15.00  Peterborough United      0-0  Tranmere Rovers
         Notts County             1-1 (0-0)  Chesterfield FC
         Bristol City             0-2 (0-2)  Oldham Athletic
         Luton Town               1-1 (1-0)  Plymouth Argyle
         Barnsley FC              0-0  Port Vale FC
         Brighton & Hove Albion   2-1 (1-0)  Colchester United
         Grimsby Town             0-2 (0-1)  Hartlepool United


Matchday 33
[Tue Mar/23]
  19.45  Chesterfield FC          1-2 (0-1)  Colchester United


Matchday 37
[Wed Mar/24]
  19.45  Tranmere Rovers          1-0 (0-0)  Bristol City


Matchday 38
[Wed Mar/24]
  19.45  AFC Bournemouth          1-2 (0-1)  Blackpool FC


Matchday 39
[Sat Mar/27]
  15.00  Port Vale FC             2-1 (0-0)  Bristol City
         Sheffield Wednesday      2-1 (1-1)  Brighton & Hove Albion
         Swindon Town             1-1 (1-1)  Barnsley FC
         Tranmere Rovers          4-0 (2-0)  Notts County
         Rushden & Diamonds FC    0-3 (0-1)  AFC Bournemouth
         Queens Park Rangers      1-1 (1-0)  Luton Town
         Blackpool FC             1-1 (0-0)  Stockport County
         Chesterfield FC          4-4 (1-2)  Grimsby Town
         Colchester United        0-0  Peterborough United
         Hartlepool United        1-2 (1-2)  Brentford FC
         Oldham Athletic          2-3 (2-2)  Wycombe Wanderers
         Plymouth Argyle          0-0  Wrexham AFC


Matchday 31
[Tue Mar/30]
  19.45  Blackpool FC             0-0  Colchester United


Matchday 33
[Tue Mar/30]
  19.45  Port Vale FC             3-3 (2-0)  Swindon Town


Matchday 40
[Sat Apr/3]
  15.00  Stockport County         2-1 (0-0)  Rushden & Diamonds FC
         Brentford FC             1-1 (0-0)  Chesterfield FC
         Peterborough United      4-2 (2-1)  Swindon Town
         Notts County             4-1 (3-0)  Blackpool FC
  12.00  Wrexham AFC              0-1 (0-0)  Tranmere Rovers
  15.00  AFC Bournemouth          1-1 (0-1)  Colchester United
         Barnsley FC              1-0 (0-0)  Plymouth Argyle
         Wycombe Wanderers        2-1 (1-1)  Port Vale FC
         Brighton & Hove Albion   2-0 (0-0)  Hartlepool United
         Bristol City             1-0 (1-0)  Queens Park Rangers
         Grimsby Town             2-0 (2-0)  Sheffield Wednesday
         Luton Town               1-1 (1-1)  Oldham Athletic


Matchday 33
[Tue Apr/6]
  19.45  Tranmere Rovers          0-0  Queens Park Rangers


Matchday 29
[Tue Apr/6]
  19.45  Hartlepool United        4-3 (1-2)  Luton Town


Matchday 41
[Sat Apr/10]
  15.00  Colchester United        4-1 (2-0)  Notts County
         Tranmere Rovers          1-0 (1-0)  Luton Town
         Blackpool FC             3-1 (1-0)  Brighton & Hove Albion
         Chesterfield FC          0-3 (0-2)  Stockport County
         Swindon Town             1-1 (0-1)  Bristol City
         Hartlepool United        2-1 (1-1)  AFC Bournemouth
         Oldham Athletic          1-1 (0-1)  Peterborough United
         Plymouth Argyle          2-1 (1-1)  Wycombe Wanderers
         Port Vale FC             1-0 (0-0)  Wrexham AFC
         Queens Park Rangers      3-0 (1-0)  Grimsby Town
         Rushden & Diamonds FC    2-3 (1-3)  Barnsley FC
         Sheffield Wednesday      1-1 (0-0)  Brentford FC


Matchday 42
[Mon Apr/12]
  15.00  Grimsby Town             0-2 (0-1)  Blackpool FC
         Wrexham AFC              1-2 (0-1)  Hartlepool United
         AFC Bournemouth          2-2 (0-2)  Chesterfield FC
         Barnsley FC              3-3 (1-1)  Queens Park Rangers
         Brentford FC             3-2 (1-0)  Colchester United
         Brighton & Hove Albion   0-0  Rushden & Diamonds FC
         Wycombe Wanderers        1-2 (0-2)  Tranmere Rovers
         Luton Town               0-3 (0-3)  Swindon Town
         Notts County             0-0  Sheffield Wednesday
         Peterborough United      3-1 (1-0)  Port Vale FC
         Stockport County         1-1 (1-1)  Oldham Athletic
[Tue Apr/13]
  19.45  Bristol City             1-0 (0-0)  Plymouth Argyle


Matchday 43
[Sat Apr/17]
  15.00  Queens Park Rangers      1-1 (1-0)  Stockport County
         Wycombe Wanderers        0-3 (0-1)  Swindon Town
  12.30  Blackpool FC             4-1 (2-1)  Sheffield Wednesday
  15.00  AFC Bournemouth          1-5 (0-1)  Tranmere Rovers
         Barnsley FC              0-2 (0-1)  Brentford FC
         Brighton & Hove Albion   1-0 (1-0)  Peterborough United
         Colchester United        3-1 (2-1)  Wrexham AFC
         Grimsby Town             1-0 (0-0)  Rushden & Diamonds FC
         Hartlepool United        4-0 (1-0)  Notts County
         Luton Town               3-2 (1-0)  Bristol City
         Oldham Athletic          4-1 (3-0)  Plymouth Argyle
         Port Vale FC             1-1 (0-1)  Chesterfield FC


Matchday 34
[Tue Apr/20]
  19.45  Oldham Athletic          1-1 (1-1)  Wrexham AFC
         Luton Town               1-1 (1-0)  AFC Bournemouth


Matchday 44
[Sat Apr/24]
  15.00  Brentford FC             1-1 (0-0)  Wycombe Wanderers
         Bristol City             0-0  Brighton & Hove Albion
         Chesterfield FC          1-0 (1-0)  Blackpool FC
         Notts County             1-2 (0-2)  Port Vale FC
         Peterborough United      0-1 (0-0)  AFC Bournemouth
         Plymouth Argyle          2-0 (0-0)  Queens Park Rangers
         Rushden & Diamonds FC    0-2 (0-0)  Hartlepool United
         Sheffield Wednesday      0-1 (0-0)  Colchester United
         Stockport County         2-1 (2-0)  Grimsby Town
         Swindon Town             1-2 (0-1)  Oldham Athletic
         Tranmere Rovers          2-0 (0-0)  Barnsley FC
         Wrexham AFC              2-1 (1-0)  Luton Town


Matchday 45
[Sat May/1]
  15.00  AFC Bournemouth          0-0  Stockport County
         Blackpool FC             1-4 (1-2)  Peterborough United
         Brighton & Hove Albion   1-0 (0-0)  Notts County
         Colchester United        2-0 (0-0)  Rushden & Diamonds FC
         Grimsby Town             1-0 (0-0)  Brentford FC
         Hartlepool United        1-3 (1-2)  Plymouth Argyle
         Luton Town               3-2 (0-2)  Sheffield Wednesday
         Oldham Athletic          2-0 (0-0)  Chesterfield FC
         Port Vale FC             2-1 (1-1)  Tranmere Rovers
         Queens Park Rangers      1-0 (1-0)  Swindon Town
         Wycombe Wanderers        1-1 (0-0)  Wrexham AFC
[Sun May/2]
  15.00  Barnsley FC              0-1 (0-1)  Bristol City


Matchday 46
[Sat May/8]
  15.00  Brentford FC             1-0 (0-0)  AFC Bournemouth
         Bristol City             2-1 (2-0)  Blackpool FC
         Chesterfield FC          1-0 (0-0)  Luton Town
         Notts County             1-1 (0-0)  Oldham Athletic
         Peterborough United      1-1 (0-0)  Wycombe Wanderers
         Plymouth Argyle          2-0 (1-0)  Colchester United
         Rushden & Diamonds FC    0-2 (0-1)  Port Vale FC
         Sheffield Wednesday      1-3 (0-1)  Queens Park Rangers
         Stockport County         2-3 (0-2)  Barnsley FC
         Swindon Town             1-1 (1-0)  Hartlepool United
         Tranmere Rovers          2-1 (0-1)  Grimsby Town
         Wrexham AFC              0-2 (0-1)  Brighton & Hove Albion
