= English Championship - Play-offs 2014/15


Semi-finals
[Fri May/8]
  Brentford                1-2  Middlesbrough
[Sat May/9]
  Ipswich                  1-1  Norwich
[Fri May/15]
  Middlesbrough            3-0  Brentford
[Sat May/16]
  Norwich                  3-1  Ipswich


Final
[Mon May/25]
  Middlesbrough            0-2  Norwich


= English League One - Play-offs 2014/15


Semi-finals
[Thu May/7]
  Sheffield Utd            1-2  Swindon
  Chesterfield             0-1  Preston
[Sun May/10]
  Preston                  3-0  Chesterfield
[Mon May/11]
  Swindon                  5-5  Sheffield Utd


Final
[Sun May/24]
  Preston                  4-0  Swindon


= English League Two - Play-offs 2014/15


Semi-finals
[Sat May/9]
  Plymouth                 2-3  Wycombe
[Sun May/10]
  Stevenage                1-1  Southend
[Thu May/14]
  Southend                 3-1  Stevenage
  Wycombe                  2-1  Plymouth


Final
[Sat May/23]
  Southend                 2-1  Wycombe


