= English League One 2010/11

# Date       Sat Aug/7 2010 - Sat May/7 2011 (273d)
# Teams      24
# Matches    552



Matchday 1
[Sat Aug/7]
  12.15  Southampton FC           0-1 (0-0)  Plymouth Argyle
  15.00  Carlisle United          2-0 (2-0)  Brentford FC
         Charlton Athletic        1-0 (1-0)  AFC Bournemouth
         Exeter City              2-2 (1-2)  Colchester United
         Notts County             0-3 (0-2)  Huddersfield Town
         Peterborough United      3-0 (0-0)  Bristol Rovers
         Rochdale AFC             0-0  Hartlepool United
         Sheffield Wednesday      2-0 (2-0)  Dagenham & Redbridge
         Swindon Town             1-2 (0-1)  Brighton & Hove Albion
         Tranmere Rovers          1-2 (0-1)  Oldham Athletic
         Walsall FC               1-2 (0-1)  Milton Keynes Dons
         Yeovil Town              2-1 (2-1)  Leyton Orient


Matchday 2
[Fri Aug/13]
  19.45  Leyton Orient            1-3 (0-1)  Charlton Athletic
[Sat Aug/14]
  15.00  AFC Bournemouth          5-1 (2-0)  Peterborough United
         Colchester United        1-1 (0-0)  Sheffield Wednesday
         Brentford FC             1-2 (1-1)  Walsall FC
         Bristol Rovers           2-1 (1-0)  Yeovil Town
         Hartlepool United        2-2 (2-0)  Swindon Town
         Brighton & Hove Albion   2-2 (0-0)  Rochdale AFC
         Oldham Athletic          3-0 (1-0)  Notts County
         Plymouth Argyle          1-1 (0-0)  Carlisle United
         Huddersfield Town        0-0  Tranmere Rovers


Matchday 3
[Sat Aug/21]
  15.00  Tranmere Rovers          0-3 (0-2)  AFC Bournemouth
         Sheffield Wednesday      1-0 (1-0)  Brighton & Hove Albion
         Notts County             1-0 (0-0)  Dagenham & Redbridge
         Exeter City              2-2 (1-1)  Bristol Rovers
         Rochdale AFC             1-2 (0-1)  Colchester United
         Peterborough United      4-2 (1-2)  Huddersfield Town
         Swindon Town             1-1 (1-1)  Brentford FC
         Walsall FC               2-1 (0-1)  Plymouth Argyle
         Charlton Athletic        1-1 (1-1)  Oldham Athletic
         Carlisle United          4-1 (2-0)  Milton Keynes Dons
         Yeovil Town              0-2 (0-1)  Hartlepool United
         Southampton FC           1-1 (1-1)  Leyton Orient


Matchday 4
[Fri Aug/27]
  19.45  Colchester United        1-1 (1-0)  Carlisle United
[Sat Aug/28]
  15.00  Milton Keynes Dons       2-1 (0-1)  Swindon Town
         Brentford FC             1-3 (1-1)  Rochdale AFC
         AFC Bournemouth          3-3 (3-1)  Notts County
         Bristol Rovers           0-4 (0-2)  Southampton FC
         Dagenham & Redbridge     2-2 (0-0)  Tranmere Rovers
         Plymouth Argyle          0-3 (0-0)  Peterborough United
         Hartlepool United        0-5 (0-3)  Sheffield Wednesday
         Oldham Athletic          0-0  Yeovil Town
         Leyton Orient            3-0 (1-0)  Exeter City
         Brighton & Hove Albion   2-1 (0-0)  Walsall FC
         Huddersfield Town        3-1 (2-0)  Charlton Athletic


Matchday 5
[Sat Sep/4]
  15.00  Carlisle United          0-0  Swindon Town
         Southampton FC           0-2 (0-1)  Rochdale AFC
  12.15  Milton Keynes Dons       1-0 (0-0)  Hartlepool United
  15.00  Huddersfield Town        2-2 (1-1)  AFC Bournemouth
         Notts County             4-0 (3-0)  Yeovil Town
         Oldham Athletic          1-1 (1-1)  Bristol Rovers
         Walsall FC               0-1 (0-0)  Colchester United
         Dagenham & Redbridge     2-0 (1-0)  Leyton Orient
         Tranmere Rovers          1-0 (1-0)  Peterborough United
         Exeter City              1-0 (0-0)  Charlton Athletic
[Sun Sep/5]
  12.00  Brentford FC             1-0 (1-0)  Sheffield Wednesday


Matchday 6
[Sat Sep/11]
  15.00  Bristol Rovers           0-0  Brentford FC
         Charlton Athletic        1-0 (0-0)  Notts County
         Brighton & Hove Albion   2-0 (0-0)  Milton Keynes Dons
         Hartlepool United        2-3 (2-1)  Exeter City
         Sheffield Wednesday      0-1 (0-1)  Carlisle United
         Swindon Town             1-0 (0-0)  Southampton FC
         Colchester United        1-1 (1-0)  Plymouth Argyle
         Peterborough United      5-2 (1-2)  Oldham Athletic
         Yeovil Town              3-1 (3-0)  Tranmere Rovers
         Leyton Orient            1-2 (0-1)  Huddersfield Town
         Rochdale AFC             3-2 (2-2)  Walsall FC
         AFC Bournemouth          3-0 (2-0)  Dagenham & Redbridge


Matchday 2
[Wed Sep/15]
  19.45  Milton Keynes Dons       2-0 (0-0)  Southampton FC


Matchday 7
[Sat Sep/18]
  15.00  Exeter City              2-2 (0-1)  Peterborough United
         Notts County             3-2 (2-1)  Leyton Orient
         Milton Keynes Dons       1-1 (1-1)  Rochdale AFC
         Tranmere Rovers          1-1 (0-1)  Charlton Athletic
         Carlisle United          0-0  Brighton & Hove Albion
         Huddersfield Town        4-2 (0-2)  Yeovil Town
         Southampton FC           0-0  Colchester United
         Oldham Athletic          2-1 (0-1)  AFC Bournemouth
         Plymouth Argyle          3-2 (1-1)  Sheffield Wednesday
         Dagenham & Redbridge     0-3 (0-2)  Bristol Rovers
         Brentford FC             0-0  Hartlepool United
         Walsall FC               1-2 (0-1)  Swindon Town


Matchday 2
[Tue Sep/21]
  19.45  Dagenham & Redbridge     1-1 (0-1)  Exeter City


Matchday 5
[Tue Sep/21]
  19.45  Plymouth Argyle          0-2 (0-2)  Brighton & Hove Albion


Matchday 8
[Fri Sep/24]
  19.45  Leyton Orient            1-0 (1-0)  Brentford FC
[Sat Sep/25]
  15.00  Brighton & Hove Albion   2-1 (1-1)  Oldham Athletic
         Colchester United        3-1 (3-0)  Tranmere Rovers
         Sheffield Wednesday      0-1 (0-0)  Southampton FC
         Bristol Rovers           2-1 (1-0)  Notts County
         Hartlepool United        2-1 (1-1)  Walsall FC
         Charlton Athletic        2-2 (1-1)  Dagenham & Redbridge
         AFC Bournemouth          2-0 (0-0)  Carlisle United
         Swindon Town             1-0 (0-0)  Huddersfield Town
         Yeovil Town              1-3 (0-1)  Exeter City
         Rochdale AFC             1-1 (0-1)  Plymouth Argyle
         Peterborough United      2-1 (1-1)  Milton Keynes Dons


Matchday 9
[Tue Sep/28]
  19.45  Rochdale AFC             3-0 (1-0)  Huddersfield Town
         Peterborough United      2-3 (1-3)  Notts County
         Colchester United        2-2 (1-1)  Dagenham & Redbridge
         Yeovil Town              1-1 (0-0)  Southampton FC
         Swindon Town             2-3 (1-2)  Plymouth Argyle
         AFC Bournemouth          3-0 (2-0)  Exeter City
         Sheffield Wednesday      0-0  Oldham Athletic
         Leyton Orient            0-0  Walsall FC
         Charlton Athletic        1-0 (0-0)  Milton Keynes Dons
         Hartlepool United        0-4 (0-3)  Carlisle United
         Brighton & Hove Albion   1-0 (0-0)  Brentford FC
         Bristol Rovers           0-1 (0-1)  Tranmere Rovers


Matchday 10
[Sat Oct/2]
  15.00  Notts County             0-2 (0-0)  Sheffield Wednesday
         Milton Keynes Dons       1-1 (0-1)  Colchester United
         Southampton FC           2-0 (1-0)  AFC Bournemouth
         Huddersfield Town        0-1 (0-0)  Bristol Rovers
         Tranmere Rovers          1-1 (0-1)  Brighton & Hove Albion
         Oldham Athletic          1-1 (1-0)  Leyton Orient
         Dagenham & Redbridge     2-1 (0-1)  Swindon Town
         Carlisle United          0-1 (0-1)  Peterborough United
         Walsall FC               0-1 (0-0)  Yeovil Town
         Exeter City              1-0 (0-0)  Rochdale AFC
         Brentford FC             2-1 (2-0)  Charlton Athletic
         Plymouth Argyle          0-1 (0-0)  Hartlepool United


Matchday 11
[Sat Oct/9]
  12.15  Brighton & Hove Albion   1-1 (0-0)  AFC Bournemouth
  15.00  Sheffield Wednesday      1-0 (0-0)  Leyton Orient
         Southampton FC           2-0 (1-0)  Tranmere Rovers
         Colchester United        0-3 (0-2)  Huddersfield Town
         Milton Keynes Dons       2-0 (0-0)  Dagenham & Redbridge
         Plymouth Argyle          2-2 (1-1)  Charlton Athletic
         Walsall FC               2-1 (2-0)  Exeter City
         Rochdale AFC             0-1 (0-0)  Yeovil Town
         Hartlepool United        2-0 (1-0)  Peterborough United
         Brentford FC             1-3 (1-1)  Oldham Athletic
         Carlisle United          1-0 (0-0)  Notts County
[Mon Oct/11]
  19.45  Swindon Town             2-1 (1-0)  Bristol Rovers


Matchday 12
[Sat Oct/16]
  15.00  Dagenham & Redbridge     1-1 (1-0)  Walsall FC
         Notts County             2-0 (1-0)  Plymouth Argyle
         Exeter City              2-1 (2-0)  Carlisle United
         Tranmere Rovers          0-3 (0-1)  Brentford FC
         Charlton Athletic        0-4 (0-1)  Brighton & Hove Albion
         Leyton Orient            1-0 (0-0)  Hartlepool United
         Bristol Rovers           2-1 (1-0)  Rochdale AFC
         Peterborough United      5-4 (3-3)  Swindon Town
         Huddersfield Town        2-0 (2-0)  Southampton FC
         AFC Bournemouth          3-2 (0-1)  Milton Keynes Dons
         Yeovil Town              0-2 (0-0)  Sheffield Wednesday
         Oldham Athletic          0-0  Colchester United


Matchday 13
[Sat Oct/23]
  15.00  Brighton & Hove Albion   2-0 (1-0)  Yeovil Town
         Southampton FC           2-1 (1-1)  Oldham Athletic
         Walsall FC               1-4 (0-1)  Tranmere Rovers
         Plymouth Argyle          2-1 (1-1)  Huddersfield Town
         Brentford FC             2-1 (1-1)  Peterborough United
         Milton Keynes Dons       1-0 (0-0)  Exeter City
         Swindon Town             2-2 (0-0)  Leyton Orient
         Sheffield Wednesday      1-1 (0-1)  AFC Bournemouth
         Colchester United        2-1 (0-1)  Notts County
         Carlisle United          3-4 (0-2)  Charlton Athletic
         Rochdale AFC             3-2 (2-0)  Dagenham & Redbridge
         Hartlepool United        2-2 (1-0)  Bristol Rovers


Matchday 14
[Sat Oct/30]
  15.00  AFC Bournemouth          1-2 (0-1)  Colchester United
         Dagenham & Redbridge     1-1 (0-0)  Hartlepool United
         Peterborough United      0-3 (0-2)  Brighton & Hove Albion
         Notts County             1-3 (1-0)  Southampton FC
         Tranmere Rovers          4-2 (3-1)  Milton Keynes Dons
         Oldham Athletic          4-2 (1-1)  Plymouth Argyle
         Charlton Athletic        1-0 (1-0)  Sheffield Wednesday
         Leyton Orient            2-1 (0-1)  Rochdale AFC
         Huddersfield Town        1-0 (1-0)  Walsall FC
         Yeovil Town              3-3 (1-1)  Swindon Town
         Exeter City              2-4 (1-1)  Brentford FC
         Bristol Rovers           1-1 (0-0)  Carlisle United


Matchday 15
[Tue Nov/2]
  19.45  Milton Keynes Dons       3-2 (1-1)  Yeovil Town
         Sheffield Wednesday      0-2 (0-2)  Huddersfield Town
         Colchester United        3-2 (2-2)  Leyton Orient
         Swindon Town             0-3 (0-1)  Charlton Athletic
         Carlisle United          2-0 (1-0)  Tranmere Rovers
         Brighton & Hove Albion   3-0 (2-0)  Exeter City
         Southampton FC           4-0 (2-0)  Dagenham & Redbridge
         Walsall FC               1-3 (0-2)  Peterborough United
         Plymouth Argyle          3-1 (0-0)  Bristol Rovers
         Brentford FC             1-1 (0-0)  AFC Bournemouth


Matchday 16
[Sat Nov/13]
  15.00  Peterborough United      1-5 (0-4)  Charlton Athletic
         Carlisle United          3-2 (2-0)  Southampton FC
         Exeter City              3-1 (2-1)  Notts County
         Brentford FC             0-2 (0-0)  Milton Keynes Dons
         AFC Bournemouth          3-0 (1-0)  Walsall FC
         Oldham Athletic          1-0 (1-0)  Huddersfield Town
         Hartlepool United        3-1 (1-0)  Brighton & Hove Albion
         Yeovil Town              1-3 (1-1)  Dagenham & Redbridge
         Tranmere Rovers          1-0 (0-0)  Plymouth Argyle
         Bristol Rovers           0-3 (0-2)  Leyton Orient
         Swindon Town             2-1 (1-1)  Colchester United
         Sheffield Wednesday      2-0 (0-0)  Rochdale AFC


Matchday 17
[Sat Nov/20]
  15.00  Southampton FC           4-1 (1-0)  Peterborough United
         Huddersfield Town        0-1 (0-1)  Exeter City
         Leyton Orient            2-2 (0-1)  AFC Bournemouth
         Brighton & Hove Albion   2-2 (0-1)  Bristol Rovers
         Charlton Athletic        3-2 (2-1)  Yeovil Town
         Dagenham & Redbridge     0-1 (0-0)  Oldham Athletic
         Plymouth Argyle          1-2 (1-1)  Brentford FC
         Colchester United        3-2 (0-1)  Hartlepool United
         Milton Keynes Dons       1-4 (1-2)  Sheffield Wednesday
         Rochdale AFC             3-3 (1-1)  Swindon Town
         Walsall FC               2-1 (1-1)  Carlisle United
         Notts County             0-1 (0-0)  Tranmere Rovers


Matchday 18
[Tue Nov/23]
  19.45  Tranmere Rovers          0-1 (0-0)  Hartlepool United
         Charlton Athletic        1-1 (0-0)  Bristol Rovers
         Peterborough United      2-2 (1-1)  Leyton Orient
         Oldham Athletic          3-3 (3-0)  Exeter City
         Huddersfield Town        4-1 (2-0)  Milton Keynes Dons
         Carlisle United          1-1 (1-0)  Rochdale AFC
         Sheffield Wednesday      3-0 (1-0)  Walsall FC
         Southampton FC           0-0  Brighton & Hove Albion
         Notts County             1-0 (0-0)  Swindon Town
         AFC Bournemouth          2-0 (2-0)  Yeovil Town
         Colchester United        0-2 (0-1)  Brentford FC
         Plymouth Argyle          2-1 (0-1)  Dagenham & Redbridge


Matchday 15
[Sat Nov/27]
  15.00  Rochdale AFC             1-1 (1-1)  Oldham Athletic


Matchday 19
[Sat Dec/4]
  15.00  Swindon Town             2-1 (1-1)  Sheffield Wednesday


Matchday 20
[Fri Dec/10]
  19.45  Peterborough United      2-1 (1-0)  Rochdale AFC
[Sat Dec/11]
  15.00  Huddersfield Town        2-1 (0-0)  Brighton & Hove Albion
         AFC Bournemouth          0-1 (0-1)  Hartlepool United
         Southampton FC           0-2 (0-2)  Brentford FC
         Notts County             2-0 (0-0)  Milton Keynes Dons
         Carlisle United          0-2 (0-0)  Dagenham & Redbridge
         Sheffield Wednesday      6-2 (4-1)  Bristol Rovers
         Colchester United        0-0  Yeovil Town
         Tranmere Rovers          1-2 (0-2)  Leyton Orient
         Plymouth Argyle          2-0 (1-0)  Exeter City
[Sun Dec/12]
  14.00  Charlton Athletic        0-1 (0-0)  Walsall FC


Matchday 21
[Sat Dec/18]
  15.00  Exeter City              5-1 (1-1)  Sheffield Wednesday


Matchday 22
[Sun Dec/26]
  15.00  Huddersfield Town        0-1 (0-1)  Hartlepool United


Matchday 23
[Tue Dec/28]
  15.00  Plymouth Argyle          1-1 (1-1)  Notts County
         Milton Keynes Dons       2-0 (1-0)  AFC Bournemouth
         Southampton FC           4-1 (2-1)  Huddersfield Town
  15.15  Swindon Town             1-1 (0-1)  Peterborough United
[Wed Dec/29]
  19.45  Brighton & Hove Albion   1-1 (1-1)  Charlton Athletic


Matchday 24
[Sat Jan/1]
  13.00  Brighton & Hove Albion   5-0 (2-0)  Leyton Orient
  15.00  Rochdale AFC             3-2 (2-1)  Tranmere Rovers
         Carlisle United          2-2 (0-1)  Huddersfield Town
         Plymouth Argyle          0-0  Yeovil Town
         Southampton FC           4-0 (1-0)  Exeter City
         Milton Keynes Dons       2-0 (2-0)  Bristol Rovers
         Brentford FC             2-1 (1-1)  Dagenham & Redbridge
         Colchester United        3-3 (2-2)  Charlton Athletic
         Swindon Town             1-2 (1-1)  AFC Bournemouth
         Walsall FC               0-3 (0-2)  Notts County
         Hartlepool United        4-2 (2-1)  Oldham Athletic


Matchday 25
[Mon Jan/3]
  15.00  AFC Bournemouth          3-1 (1-0)  Brentford FC
         Notts County             3-0 (1-0)  Hartlepool United
         Leyton Orient            4-2 (1-0)  Colchester United
         Yeovil Town              1-0 (1-0)  Milton Keynes Dons
         Exeter City              1-2 (1-0)  Brighton & Hove Albion
         Peterborough United      4-1 (1-1)  Walsall FC
         Tranmere Rovers          2-1 (1-0)  Carlisle United
         Oldham Athletic          1-2 (0-0)  Rochdale AFC
         Dagenham & Redbridge     1-3 (0-0)  Southampton FC
  17.05  Charlton Athletic        2-4 (1-1)  Swindon Town
  12.15  Huddersfield Town        1-0 (1-0)  Sheffield Wednesday
[Tue Jan/4]
  19.45  Bristol Rovers           2-3 (2-0)  Plymouth Argyle


Matchday 22
[Sat Jan/8]
  15.00  AFC Bournemouth          3-0 (2-0)  Plymouth Argyle
         Yeovil Town              2-0 (1-0)  Brentford FC


Matchday 26
[Sat Jan/8]
  15.00  Tranmere Rovers          3-3 (2-1)  Walsall FC
         Dagenham & Redbridge     0-1 (0-0)  Rochdale AFC


Matchday 20
[Sat Jan/8]
  15.00  Oldham Athletic          2-0 (1-0)  Swindon Town


Matchday 26
[Sat Jan/8]
  15.00  Exeter City              1-1 (1-0)  Milton Keynes Dons
[Tue Jan/11]
  19.45  Oldham Athletic          0-6 (0-2)  Southampton FC
         Huddersfield Town        3-2 (3-2)  Plymouth Argyle
         Peterborough United      2-1 (1-0)  Brentford FC


Matchday 22
[Tue Jan/11]
  19.45  Bristol Rovers           2-2 (0-1)  Walsall FC


Matchday 27
[Fri Jan/14]
  19.45  Colchester United        2-1 (0-0)  AFC Bournemouth
         Brentford FC             1-1 (0-1)  Exeter City
[Sat Jan/15]
  15.00  Southampton FC           0-0  Notts County
         Hartlepool United        0-1 (0-0)  Dagenham & Redbridge
         Milton Keynes Dons       2-0 (0-0)  Tranmere Rovers
         Sheffield Wednesday      2-2 (0-2)  Charlton Athletic
         Walsall FC               2-4 (1-2)  Huddersfield Town
         Plymouth Argyle          0-2 (0-0)  Oldham Athletic
         Carlisle United          4-0 (1-0)  Bristol Rovers
         Rochdale AFC             1-1 (1-0)  Leyton Orient
         Swindon Town             0-1 (0-0)  Yeovil Town
         Brighton & Hove Albion   3-1 (2-0)  Peterborough United


Matchday 21
[Tue Jan/18]
  19.45  Rochdale AFC             0-0  AFC Bournemouth


Matchday 19
[Tue Jan/18]
  19.45  Milton Keynes Dons       1-3 (1-2)  Plymouth Argyle


Matchday 26
[Tue Jan/18]
  19.45  Bristol Rovers           0-0  Hartlepool United


Matchday 28
[Sat Jan/22]
  15.00  Notts County             0-1 (0-0)  Carlisle United
         Oldham Athletic          2-1 (1-0)  Brentford FC
         Huddersfield Town        0-0  Colchester United
         Bristol Rovers           3-1 (1-0)  Swindon Town
         Peterborough United      4-0 (0-0)  Hartlepool United
         Leyton Orient            4-0 (0-0)  Sheffield Wednesday
         Exeter City              2-1 (1-0)  Walsall FC
         AFC Bournemouth          1-0 (0-0)  Brighton & Hove Albion
         Charlton Athletic        2-0 (0-0)  Plymouth Argyle
         Yeovil Town              0-1 (0-1)  Rochdale AFC
         Tranmere Rovers          2-0 (1-0)  Southampton FC
         Dagenham & Redbridge     0-1 (0-0)  Milton Keynes Dons


Matchday 15
[Tue Jan/25]
  19.45  Hartlepool United        1-1 (1-0)  Notts County


Matchday 19
[Tue Jan/25]
  19.45  Brighton & Hove Albion   2-0 (1-0)  Colchester United


Matchday 22
[Tue Jan/25]
  19.45  Leyton Orient            2-2 (2-1)  Milton Keynes Dons


Matchday 19
[Tue Jan/25]
  19.45  Walsall FC               1-1 (0-1)  Oldham Athletic


Matchday 23
[Tue Jan/25]
  19.45  Sheffield Wednesday      2-2 (1-1)  Yeovil Town


Matchday 21
[Tue Jan/25]
  19.45  Swindon Town             0-0  Tranmere Rovers


Matchday 29
[Fri Jan/28]
  19.45  Colchester United        2-1 (1-1)  Peterborough United
[Sat Jan/29]
  15.00  Swindon Town             0-0  Exeter City
         Walsall FC               6-1 (3-0)  Bristol Rovers
         Carlisle United          2-2 (0-2)  Oldham Athletic
         Plymouth Argyle          1-2 (0-1)  AFC Bournemouth
         Brentford FC             1-2 (1-1)  Yeovil Town


Matchday 30
[Tue Feb/1]
  19.45  Oldham Athletic          4-0 (1-0)  Hartlepool United
         Peterborough United      5-3 (2-3)  Sheffield Wednesday
         Dagenham & Redbridge     4-1 (1-0)  Brentford FC
         AFC Bournemouth          3-2 (2-1)  Swindon Town
         Charlton Athletic        1-0 (0-0)  Colchester United
         Tranmere Rovers          1-1 (1-0)  Rochdale AFC
         Yeovil Town              1-0 (0-0)  Plymouth Argyle
         Leyton Orient            0-0  Brighton & Hove Albion
         Exeter City              1-2 (1-0)  Southampton FC
         Huddersfield Town        2-0 (2-0)  Carlisle United
[Wed Feb/2]
  19.45  Bristol Rovers           1-2 (0-1)  Milton Keynes Dons
         Notts County             1-1 (0-0)  Walsall FC


Matchday 31
[Sat Feb/5]
  15.00  Yeovil Town              0-1 (0-0)  Charlton Athletic
         Swindon Town             1-1 (0-0)  Rochdale AFC
         Hartlepool United        1-0 (0-0)  Colchester United
         Exeter City              1-4 (0-0)  Huddersfield Town
         Oldham Athletic          1-1 (0-0)  Dagenham & Redbridge
         Brentford FC             2-0 (1-0)  Plymouth Argyle
         Sheffield Wednesday      2-2 (0-2)  Milton Keynes Dons
         AFC Bournemouth          1-1 (1-0)  Leyton Orient
         Bristol Rovers           2-4 (1-1)  Brighton & Hove Albion
         Carlisle United          1-3 (0-1)  Walsall FC
  17.20  Peterborough United      4-4 (2-2)  Southampton FC


Matchday 26
[Tue Feb/8]
  19.45  Leyton Orient            3-0 (3-0)  Swindon Town


Matchday 23
[Tue Feb/8]
  19.45  Rochdale AFC             3-1 (0-0)  Bristol Rovers


Matchday 32
[Sat Feb/12]
  15.00  Rochdale AFC             2-1 (2-0)  Sheffield Wednesday
         Colchester United        2-1 (1-0)  Swindon Town
         Notts County             0-2 (0-0)  Exeter City
         Plymouth Argyle          1-3 (0-1)  Tranmere Rovers
         Walsall FC               0-1 (0-0)  AFC Bournemouth
         Leyton Orient            4-1 (2-0)  Bristol Rovers
         Charlton Athletic        3-2 (0-1)  Peterborough United
         Dagenham & Redbridge     2-1 (1-1)  Yeovil Town
         Southampton FC           1-0 (1-0)  Carlisle United
         Milton Keynes Dons       1-1 (0-0)  Brentford FC
         Brighton & Hove Albion   4-1 (2-0)  Hartlepool United
         Huddersfield Town        0-0  Oldham Athletic


Matchday 23
[Tue Feb/15]
  19.45  Walsall FC               1-0 (0-0)  Dagenham & Redbridge


Matchday 26
[Tue Feb/15]
  19.45  Notts County             2-0 (2-0)  Colchester United


Matchday 21
[Tue Feb/15]
  19.45  Hartlepool United        2-1 (1-0)  Charlton Athletic


Matchday 22
[Tue Feb/15]
  19.45  Tranmere Rovers          3-0 (0-0)  Sheffield Wednesday
         Oldham Athletic          0-1 (0-0)  Carlisle United


Matchday 29
[Tue Feb/15]
  19.45  Milton Keynes Dons       2-3 (2-2)  Leyton Orient


Matchday 19
[Tue Feb/15]
  19.45  Yeovil Town              0-2 (0-0)  Peterborough United


Matchday 33
[Sat Feb/19]
  15.00  Hartlepool United        0-1 (0-1)  Milton Keynes Dons
         Peterborough United      2-1 (0-1)  Tranmere Rovers
         Charlton Athletic        1-3 (0-0)  Exeter City
         Bristol Rovers           1-0 (0-0)  Oldham Athletic
         AFC Bournemouth          1-1 (0-0)  Huddersfield Town
         Swindon Town             0-1 (0-1)  Carlisle United
         Colchester United        2-0 (1-0)  Walsall FC


Matchday 19
[Tue Feb/22]
  19.45  Hartlepool United        0-0  Southampton FC
         Dagenham & Redbridge     1-1 (0-1)  Huddersfield Town


Matchday 33
[Tue Feb/22]
  19.45  Brighton & Hove Albion   4-0 (2-0)  Plymouth Argyle


Matchday 26
[Tue Feb/22]
  19.45  AFC Bournemouth          0-0  Sheffield Wednesday


Matchday 23
[Tue Feb/22]
  20.00  Brentford FC             2-1 (1-0)  Tranmere Rovers


Matchday 22
[Tue Feb/22]
  19.45  Peterborough United      1-1 (1-1)  Colchester United


Matchday 23
[Tue Feb/22]
  19.45  Carlisle United          2-2 (2-2)  Exeter City


Matchday 21
[Tue Feb/22]
  19.45  Milton Keynes Dons       0-0  Oldham Athletic


Matchday 34
[Fri Feb/25]
  19.45  Notts County             1-0 (0-0)  Charlton Athletic
[Sat Feb/26]
  15.00  Tranmere Rovers          0-1 (0-0)  Yeovil Town
         Plymouth Argyle          2-1 (1-1)  Colchester United
         Carlisle United          0-1 (0-1)  Sheffield Wednesday
         Huddersfield Town        2-2 (1-0)  Leyton Orient
         Exeter City              1-2 (0-2)  Hartlepool United
         Milton Keynes Dons       1-0 (1-0)  Brighton & Hove Albion
         Walsall FC               0-0  Rochdale AFC
         Brentford FC             1-0 (1-0)  Bristol Rovers
         Oldham Athletic          0-5 (0-0)  Peterborough United
         Dagenham & Redbridge     1-2 (0-0)  AFC Bournemouth
         Southampton FC           4-1 (1-0)  Swindon Town


Matchday 19
[Tue Mar/1]
  19.45  Exeter City              1-1 (0-1)  Tranmere Rovers
         Brentford FC             1-1 (0-1)  Notts County


Matchday 26
[Tue Mar/1]
  19.45  Charlton Athletic        1-3 (1-1)  Carlisle United
         Yeovil Town              0-1 (0-1)  Brighton & Hove Albion


Matchday 21
[Tue Mar/1]
  19.45  Bristol Rovers           0-1 (0-1)  Colchester United


Matchday 29
[Tue Mar/1]
  19.45  Hartlepool United        0-1 (0-1)  Huddersfield Town


Matchday 21
[Tue Mar/1]
  19.45  Walsall FC               1-0 (0-0)  Southampton FC


Matchday 35
[Sat Mar/5]
  15.00  Bristol Rovers           0-2 (0-1)  Dagenham & Redbridge
         Leyton Orient            2-0 (1-0)  Notts County
         Charlton Athletic        1-1 (0-1)  Tranmere Rovers
         Sheffield Wednesday      2-4 (0-2)  Plymouth Argyle
         Rochdale AFC             1-4 (0-3)  Milton Keynes Dons
         Swindon Town             0-0  Walsall FC
         Yeovil Town              1-1 (1-0)  Huddersfield Town
         Brighton & Hove Albion   4-3 (1-1)  Carlisle United
         AFC Bournemouth          3-0 (1-0)  Oldham Athletic
         Peterborough United      3-0 (1-0)  Exeter City
         Hartlepool United        3-0 (1-0)  Brentford FC
         Colchester United        0-2 (0-1)  Southampton FC


Matchday 36
[Tue Mar/8]
  19.45  Oldham Athletic          2-3 (2-2)  Sheffield Wednesday
         Notts County             0-1 (0-0)  Peterborough United
         Milton Keynes Dons       2-0 (0-0)  Charlton Athletic
         Tranmere Rovers          0-1 (0-1)  Bristol Rovers
  20.00  Exeter City              2-0 (1-0)  AFC Bournemouth
  19.45  Huddersfield Town        2-1 (2-0)  Rochdale AFC
         Southampton FC           3-0 (1-0)  Yeovil Town
         Carlisle United          1-0 (0-0)  Hartlepool United
         Dagenham & Redbridge     1-0 (1-0)  Colchester United
         Brentford FC             0-1 (0-0)  Brighton & Hove Albion
         Plymouth Argyle          1-0 (1-0)  Swindon Town
         Walsall FC               0-2 (0-1)  Leyton Orient


Matchday 37
[Sat Mar/12]
  15.00  AFC Bournemouth          1-3 (1-1)  Southampton FC
         Brighton & Hove Albion   2-0 (0-0)  Tranmere Rovers
         Hartlepool United        2-0 (1-0)  Plymouth Argyle
         Rochdale AFC             0-1 (0-1)  Exeter City
         Sheffield Wednesday      0-1 (0-1)  Notts County
         Leyton Orient            1-0 (0-0)  Oldham Athletic
         Swindon Town             1-1 (1-0)  Dagenham & Redbridge
         Colchester United        1-3 (1-0)  Milton Keynes Dons
         Bristol Rovers           0-1 (0-1)  Huddersfield Town
         Peterborough United      6-0 (3-0)  Carlisle United
         Charlton Athletic        0-1 (0-0)  Brentford FC
         Yeovil Town              1-1 (1-1)  Walsall FC


Matchday 24
[Tue Mar/15]
  19.45  Sheffield Wednesday      1-4 (0-3)  Peterborough United


Matchday 23
[Tue Mar/15]
  19.45  Hartlepool United        0-1 (0-1)  Leyton Orient


Matchday 40
[Tue Mar/15]
  19.45  Carlisle United          1-1 (1-0)  Plymouth Argyle


Matchday 21
[Tue Mar/15]
  19.45  Brentford FC             0-1 (0-0)  Huddersfield Town


Matchday 29
[Tue Mar/15]
  19.45  Rochdale AFC             1-0 (0-0)  Notts County


Matchday 38
[Sat Mar/19]
  15.00  Plymouth Argyle          0-1 (0-0)  Rochdale AFC
         Notts County             0-1 (0-0)  Bristol Rovers
         Walsall FC               5-2 (0-1)  Hartlepool United
         Huddersfield Town        0-0  Swindon Town
         Oldham Athletic          0-1 (0-0)  Brighton & Hove Albion
         Dagenham & Redbridge     2-1 (1-0)  Charlton Athletic
         Carlisle United          1-0 (1-0)  AFC Bournemouth
         Exeter City              2-3 (2-1)  Yeovil Town
         Brentford FC             2-1 (2-0)  Leyton Orient
         Tranmere Rovers          1-0 (0-0)  Colchester United
  17.20  Southampton FC           2-0 (0-0)  Sheffield Wednesday
[Mon Mar/21]
  19.45  Milton Keynes Dons       1-0 (0-0)  Peterborough United


Matchday 33
[Tue Mar/22]
  19.45  Leyton Orient            1-1 (0-1)  Dagenham & Redbridge


Matchday 22
[Tue Mar/22]
  19.45  Charlton Athletic        1-1 (0-0)  Southampton FC


Matchday 23
[Tue Mar/22]
  19.45  Colchester United        1-0 (0-0)  Oldham Athletic


Matchday 21
[Tue Mar/22]
  19.45  Brighton & Hove Albion   1-0 (0-0)  Notts County


Matchday 39
[Fri Mar/25]
  19.45  Milton Keynes Dons       1-1 (0-1)  Walsall FC
         Bristol Rovers           2-2 (1-1)  Peterborough United
         Hartlepool United        0-2 (0-1)  Rochdale AFC
         Brentford FC             2-1 (0-0)  Carlisle United
[Sat Mar/26]
  13.00  Colchester United        5-1 (1-1)  Exeter City
         AFC Bournemouth          2-2 (1-1)  Charlton Athletic
         Dagenham & Redbridge     1-1 (0-1)  Sheffield Wednesday
         Brighton & Hove Albion   2-1 (1-1)  Swindon Town
         Leyton Orient            1-5 (0-3)  Yeovil Town
[Sun Mar/27]
  16.00  Huddersfield Town        3-0 (1-0)  Notts County
[Mon Mar/28]
  19.45  Oldham Athletic          0-0  Tranmere Rovers


Matchday 19
[Tue Mar/29]
  19.45  Rochdale AFC             2-0 (1-0)  Charlton Athletic


Matchday 22
[Tue Mar/29]
  19.45  Dagenham & Redbridge     0-1 (0-0)  Brighton & Hove Albion


Matchday 33
[Tue Mar/29]
  19.45  Sheffield Wednesday      1-3 (1-2)  Brentford FC


Matchday 22
[Tue Mar/29]
  19.45  Exeter City              1-0 (0-0)  Swindon Town


Matchday 21
[Tue Mar/29]
  19.45  Yeovil Town              1-0 (0-0)  Carlisle United


Matchday 40
[Fri Apr/1]
  19.45  Peterborough United      3-3 (3-1)  AFC Bournemouth
[Sat Apr/2]
  15.00  Sheffield Wednesday      2-1 (1-0)  Colchester United
         Yeovil Town              0-1 (0-0)  Bristol Rovers
         Rochdale AFC             2-2 (1-1)  Brighton & Hove Albion
         Swindon Town             1-1 (0-1)  Hartlepool United
         Notts County             0-2 (0-0)  Oldham Athletic
         Southampton FC           3-2 (0-1)  Milton Keynes Dons
         Exeter City              2-1 (0-0)  Dagenham & Redbridge
         Tranmere Rovers          0-2 (0-1)  Huddersfield Town
         Charlton Athletic        3-1 (0-1)  Leyton Orient


Matchday 29
[Tue Apr/5]
  19.45  Sheffield Wednesday      4-0 (3-0)  Tranmere Rovers


Matchday 19
[Tue Apr/5]
  19.45  Bristol Rovers           1-0 (1-0)  AFC Bournemouth


Matchday 21
[Tue Apr/5]
  19.45  Dagenham & Redbridge     0-2 (0-2)  Peterborough United
         Leyton Orient            2-0 (2-0)  Plymouth Argyle


Matchday 22
[Tue Apr/5]
  19.45  Notts County             1-2 (0-2)  Rochdale AFC


Matchday 29
[Tue Apr/5]
  19.45  Southampton FC           2-0 (1-0)  Charlton Athletic


Matchday 41
[Sat Apr/9]
  15.00  Huddersfield Town        1-1 (0-1)  Peterborough United
         Dagenham & Redbridge     3-1 (3-0)  Notts County
         Oldham Athletic          0-0  Charlton Athletic
         Milton Keynes Dons       3-2 (1-1)  Carlisle United
         Brentford FC             0-1 (0-0)  Swindon Town
         Bristol Rovers           0-2 (0-0)  Exeter City
         Hartlepool United        3-1 (1-1)  Yeovil Town
         Colchester United        1-0 (0-0)  Rochdale AFC
         Brighton & Hove Albion   2-0 (1-0)  Sheffield Wednesday
         Plymouth Argyle          2-0 (0-0)  Walsall FC
         Leyton Orient            0-2 (0-1)  Southampton FC
         AFC Bournemouth          1-2 (0-1)  Tranmere Rovers


Matchday 33
[Tue Apr/12]
  19.45  Yeovil Town              2-1 (1-0)  Notts County
         Rochdale AFC             2-0 (2-0)  Southampton FC


Matchday 19
[Tue Apr/12]
  19.45  Leyton Orient            0-0  Carlisle United


Matchday 29
[Tue Apr/12]
  19.45  Brighton & Hove Albion   4-3 (2-1)  Dagenham & Redbridge


Matchday 40
[Tue Apr/12]
  19.45  Walsall FC               3-2 (1-1)  Brentford FC


Matchday 42
[Sat Apr/16]
  15.00  Tranmere Rovers          2-0 (2-0)  Dagenham & Redbridge
         Rochdale AFC             0-1 (0-0)  Brentford FC
  12.30  Notts County             0-2 (0-0)  AFC Bournemouth
  15.00  Exeter City              2-1 (1-1)  Leyton Orient
         Walsall FC               1-3 (1-1)  Brighton & Hove Albion
         Sheffield Wednesday      2-0 (1-0)  Hartlepool United
         Peterborough United      2-1 (0-1)  Plymouth Argyle
         Swindon Town             0-1 (0-1)  Milton Keynes Dons
         Yeovil Town              1-1 (0-1)  Oldham Athletic
         Southampton FC           1-0 (0-0)  Bristol Rovers
         Carlisle United          4-1 (3-0)  Colchester United
         Charlton Athletic        0-1 (0-0)  Huddersfield Town


Matchday 31
[Tue Apr/19]
  19.45  Tranmere Rovers          0-1 (0-1)  Notts County


Matchday 43
[Fri Apr/22]
  15.00  Milton Keynes Dons       1-3 (0-2)  Huddersfield Town
         Dagenham & Redbridge     0-1 (0-0)  Plymouth Argyle
         Exeter City              2-0 (2-0)  Oldham Athletic
         Hartlepool United        1-1 (1-0)  Tranmere Rovers
         Leyton Orient            2-1 (0-0)  Peterborough United
         Brentford FC             1-1 (0-1)  Colchester United
[Sat Apr/23]
  15.00  Walsall FC               1-1 (1-1)  Sheffield Wednesday
         Brighton & Hove Albion   1-2 (1-0)  Southampton FC
         Yeovil Town              2-2 (0-0)  AFC Bournemouth
         Rochdale AFC             2-3 (1-1)  Carlisle United
         Swindon Town             1-2 (1-0)  Notts County
         Bristol Rovers           2-2 (0-1)  Charlton Athletic


Matchday 44
[Mon Apr/25]
  15.00  AFC Bournemouth          2-1 (0-1)  Bristol Rovers
  12.15  Colchester United        1-1 (1-0)  Brighton & Hove Albion
  15.00  Tranmere Rovers          4-0 (1-0)  Exeter City
         Charlton Athletic        3-1 (1-0)  Rochdale AFC
         Carlisle United          0-1 (0-1)  Leyton Orient
         Notts County             1-1 (0-0)  Brentford FC
         Plymouth Argyle          1-0 (1-0)  Milton Keynes Dons
         Sheffield Wednesday      3-1 (2-1)  Swindon Town
         Southampton FC           2-0 (0-0)  Hartlepool United
         Oldham Athletic          1-1 (0-0)  Walsall FC
         Peterborough United      2-2 (0-1)  Yeovil Town
         Huddersfield Town        2-1 (2-1)  Dagenham & Redbridge


Matchday 45
[Sat Apr/30]
  15.00  Walsall FC               2-0 (1-0)  Charlton Athletic
  12.00  Exeter City              1-0 (0-0)  Plymouth Argyle
  15.00  Brighton & Hove Albion   2-3 (0-1)  Huddersfield Town
         Dagenham & Redbridge     3-0 (2-0)  Carlisle United
         Milton Keynes Dons       2-1 (0-0)  Notts County
         Brentford FC             0-3 (0-2)  Southampton FC
         Hartlepool United        2-2 (0-2)  AFC Bournemouth
         Leyton Orient            0-3 (0-2)  Tranmere Rovers
         Swindon Town             0-2 (0-1)  Oldham Athletic
         Bristol Rovers           1-1 (1-1)  Sheffield Wednesday
         Rochdale AFC             2-2 (1-1)  Peterborough United
         Yeovil Town              4-2 (3-1)  Colchester United


Matchday 39
[Mon May/2]
  15.00  Plymouth Argyle          1-3 (0-1)  Southampton FC


Matchday 46
[Sat May/7]
  15.00  Huddersfield Town        4-4 (2-1)  Brentford FC
         Plymouth Argyle          1-4 (0-2)  Leyton Orient
         Charlton Athletic        0-0  Hartlepool United
         Colchester United        2-1 (2-0)  Bristol Rovers
         AFC Bournemouth          1-2 (1-1)  Rochdale AFC
         Peterborough United      5-0 (1-0)  Dagenham & Redbridge
         Sheffield Wednesday      1-2 (1-0)  Exeter City
         Carlisle United          0-2 (0-1)  Yeovil Town
         Notts County             1-1 (1-1)  Brighton & Hove Albion
         Southampton FC           3-1 (2-1)  Walsall FC
         Tranmere Rovers          0-2 (0-2)  Swindon Town
         Oldham Athletic          1-2 (1-1)  Milton Keynes Dons
