= English Championship - Play-offs 2011/12


Semi-finals
[Thu May/3]
  Cardiff                  0-2  West Ham
[Fri May/4]
  Blackpool                1-0  Birmingham
[Mon May/7]
  West Ham                 3-0  Cardiff
[Wed May/9]
  Birmingham               2-2  Blackpool


Final
[Sat May/19]
  Blackpool                1-2  West Ham


= English League One - Play-offs 2011/12


Semi-finals
[Fri May/11]
  Stevenage                0-0  Sheffield Utd
[Sat May/12]
  Milton Keynes Dons       0-2  Huddersfield
[Mon May/14]
  Sheffield Utd            1-0  Stevenage
[Tue May/15]
  Huddersfield             1-2  Milton Keynes Dons


Final
[Sat May/26]
  Huddersfield             1-0  Sheffield Utd


= English League Two - Play-offs 2011/12


Semi-finals
[Sat May/12]
  Crewe                    1-0  Southend
[Sun May/13]
  Cheltenham               2-0  Torquay
[Wed May/16]
  Southend                 2-2  Crewe
[Thu May/17]
  Torquay                  1-2  Cheltenham


Final
[Sun May/27]
  Cheltenham               0-2  Crewe


