= English Premier League 2024/25

# Date       Fri Aug/16 2024 - Sun May/25 2025 (282d)
# Teams      20
# Matches    380



Matchday 1
[Fri Aug/16]
  20.00  Manchester United FC     1-0 (0-0)  Fulham FC
[Sat Aug/17]
  12.30  Ipswich Town FC          0-2 (0-0)  Liverpool FC
  15.00  Arsenal FC               2-0 (1-0)  Wolverhampton Wanderers FC
         Everton FC               0-3 (0-1)  Brighton & Hove Albion FC
         Newcastle United FC      1-0 (1-0)  Southampton FC
         Nottingham Forest FC     1-1 (1-0)  AFC Bournemouth
  17.30  West Ham United FC       1-2 (1-1)  Aston Villa FC
[Sun Aug/18]
  14.00  Brentford FC             2-1 (1-0)  Crystal Palace FC
  16.30  Chelsea FC               0-2 (0-1)  Manchester City FC
[Mon Aug/19]
  20.00  Leicester City FC        1-1 (0-1)  Tottenham Hotspur FC


Matchday 2
[Sat Aug/24]
  12.30  Brighton & Hove Albion FC  2-1 (1-0)  Manchester United FC
  15.00  Crystal Palace FC        0-2 (0-0)  West Ham United FC
         Fulham FC                2-1 (1-1)  Leicester City FC
         Manchester City FC       4-1 (3-1)  Ipswich Town FC
         Southampton FC           0-1 (0-0)  Nottingham Forest FC
         Tottenham Hotspur FC     4-0 (2-0)  Everton FC
  17.30  Aston Villa FC           0-2 (0-0)  Arsenal FC
[Sun Aug/25]
  14.00  AFC Bournemouth          1-1 (1-0)  Newcastle United FC
         Wolverhampton Wanderers FC  2-6 (2-2)  Chelsea FC
  16.30  Liverpool FC             2-0 (1-0)  Brentford FC


Matchday 3
[Sat Aug/31]
  12.30  Arsenal FC               1-1 (1-0)  Brighton & Hove Albion FC
  15.00  Brentford FC             3-1 (1-0)  Southampton FC
         Everton FC               2-3 (0-0)  AFC Bournemouth
         Ipswich Town FC          1-1 (1-1)  Fulham FC
         Leicester City FC        1-2 (0-1)  Aston Villa FC
         Nottingham Forest FC     1-1 (1-1)  Wolverhampton Wanderers FC
  17.30  West Ham United FC       1-3 (1-2)  Manchester City FC
[Sun Sep/1]
  13.30  Chelsea FC               1-1 (1-0)  Crystal Palace FC
         Newcastle United FC      2-1 (1-0)  Tottenham Hotspur FC
  16.00  Manchester United FC     0-3 (0-2)  Liverpool FC


Matchday 4
[Sat Sep/14]
  12.30  Southampton FC           0-3 (0-2)  Manchester United FC
  15.00  Brighton & Hove Albion FC  0-0  Ipswich Town FC
         Crystal Palace FC        2-2 (0-1)  Leicester City FC
         Fulham FC                1-1 (1-0)  West Ham United FC
         Liverpool FC             0-1 (0-0)  Nottingham Forest FC
         Manchester City FC       2-1 (2-1)  Brentford FC
  17.30  Aston Villa FC           3-2 (1-2)  Everton FC
  20.00  AFC Bournemouth          0-1 (0-0)  Chelsea FC
[Sun Sep/15]
  14.00  Tottenham Hotspur FC     0-1 (0-0)  Arsenal FC
  16.30  Wolverhampton Wanderers FC  1-2 (1-0)  Newcastle United FC


Matchday 5
[Sat Sep/21]
  12.30  West Ham United FC       0-3 (0-2)  Chelsea FC
  15.00  Aston Villa FC           3-1 (0-1)  Wolverhampton Wanderers FC
         Fulham FC                3-1 (2-0)  Newcastle United FC
         Leicester City FC        1-1 (0-1)  Everton FC
         Liverpool FC             3-0 (3-0)  AFC Bournemouth
         Southampton FC           1-1 (1-0)  Ipswich Town FC
         Tottenham Hotspur FC     3-1 (2-1)  Brentford FC
  17.30  Crystal Palace FC        0-0  Manchester United FC
[Sun Sep/22]
  14.00  Brighton & Hove Albion FC  2-2 (2-1)  Nottingham Forest FC
  16.30  Manchester City FC       2-2 (1-2)  Arsenal FC


Matchday 6
[Sat Sep/28]
  12.30  Newcastle United FC      1-1 (0-1)  Manchester City FC
  15.00  Arsenal FC               4-2 (2-0)  Leicester City FC
         Brentford FC             1-1 (1-0)  West Ham United FC
         Chelsea FC               4-2 (4-2)  Brighton & Hove Albion FC
         Everton FC               2-1 (0-1)  Crystal Palace FC
         Nottingham Forest FC     0-1 (0-0)  Fulham FC
  17.30  Wolverhampton Wanderers FC  1-2 (0-1)  Liverpool FC
[Sun Sep/29]
  14.00  Ipswich Town FC          2-2 (1-2)  Aston Villa FC
  16.30  Manchester United FC     0-3 (0-1)  Tottenham Hotspur FC
[Mon Sep/30]
  20.00  AFC Bournemouth          3-1 (3-0)  Southampton FC


Matchday 7
[Sat Oct/5]
  12.30  Crystal Palace FC        -  Liverpool FC
  15.00  Arsenal FC               -  Southampton FC
         Brentford FC             -  Wolverhampton Wanderers FC
         Leicester City FC        -  AFC Bournemouth
         Manchester City FC       -  Fulham FC
         West Ham United FC       -  Ipswich Town FC
  17.30  Everton FC               -  Newcastle United FC
[Sun Oct/6]
  14.00  Aston Villa FC           -  Manchester United FC
         Chelsea FC               -  Nottingham Forest FC
  16.30  Brighton & Hove Albion FC  -  Tottenham Hotspur FC


Matchday 8
[Sat Oct/19]
  12.30  Tottenham Hotspur FC     -  West Ham United FC
  15.00  Fulham FC                -  Aston Villa FC
         Ipswich Town FC          -  Everton FC
         Manchester United FC     -  Brentford FC
         Newcastle United FC      -  Brighton & Hove Albion FC
         Southampton FC           -  Leicester City FC
  17.30  AFC Bournemouth          -  Arsenal FC
[Sun Oct/20]
  14.00  Wolverhampton Wanderers FC  -  Manchester City FC
  16.30  Liverpool FC             -  Chelsea FC
[Mon Oct/21]
  20.00  Nottingham Forest FC     -  Crystal Palace FC


Matchday 9
[Fri Oct/25]
  20.00  Leicester City FC        -  Nottingham Forest FC
[Sat Oct/26]
  15.00  Aston Villa FC           -  AFC Bournemouth
         Brentford FC             -  Ipswich Town FC
         Brighton & Hove Albion FC  -  Wolverhampton Wanderers FC
         Manchester City FC       -  Southampton FC
  17.30  Everton FC               -  Fulham FC
[Sun Oct/27]
  14.00  Chelsea FC               -  Newcastle United FC
         Crystal Palace FC        -  Tottenham Hotspur FC
         West Ham United FC       -  Manchester United FC
  16.30  Arsenal FC               -  Liverpool FC


Matchday 10
[Sat Nov/2]
  12.30  Newcastle United FC      -  Arsenal FC
  15.00  AFC Bournemouth          -  Manchester City FC
         Ipswich Town FC          -  Leicester City FC
         Liverpool FC             -  Brighton & Hove Albion FC
         Nottingham Forest FC     -  West Ham United FC
         Southampton FC           -  Everton FC
  17.30  Wolverhampton Wanderers FC  -  Crystal Palace FC
[Sun Nov/3]
  14.00  Tottenham Hotspur FC     -  Aston Villa FC
  16.30  Manchester United FC     -  Chelsea FC
[Mon Nov/4]
  20.00  Fulham FC                -  Brentford FC


Matchday 11
[Sat Nov/9]
  15.00  Brentford FC             -  AFC Bournemouth
         Crystal Palace FC        -  Fulham FC
         West Ham United FC       -  Everton FC
         Wolverhampton Wanderers FC  -  Southampton FC
  17.30  Brighton & Hove Albion FC  -  Manchester City FC
  20.00  Liverpool FC             -  Aston Villa FC
[Sun Nov/10]
  14.00  Manchester United FC     -  Leicester City FC
         Nottingham Forest FC     -  Newcastle United FC
         Tottenham Hotspur FC     -  Ipswich Town FC
  16.30  Chelsea FC               -  Arsenal FC


Matchday 12
[Sat Nov/23]
  12.30  Leicester City FC        -  Chelsea FC
  15.00  AFC Bournemouth          -  Brighton & Hove Albion FC
         Arsenal FC               -  Nottingham Forest FC
         Aston Villa FC           -  Crystal Palace FC
         Everton FC               -  Brentford FC
         Fulham FC                -  Wolverhampton Wanderers FC
  17.30  Manchester City FC       -  Tottenham Hotspur FC
[Sun Nov/24]
  14.00  Southampton FC           -  Liverpool FC
  16.30  Ipswich Town FC          -  Manchester United FC
[Mon Nov/25]
  20.00  Newcastle United FC      -  West Ham United FC


Matchday 13
[Fri Nov/29]
  20.00  Brighton & Hove Albion FC  -  Southampton FC
[Sat Nov/30]
  15.00  Brentford FC             -  Leicester City FC
         Crystal Palace FC        -  Newcastle United FC
         Nottingham Forest FC     -  Ipswich Town FC
         Wolverhampton Wanderers FC  -  AFC Bournemouth
  17.30  West Ham United FC       -  Arsenal FC
[Sun Dec/1]
  13.30  Chelsea FC               -  Aston Villa FC
         Manchester United FC     -  Everton FC
         Tottenham Hotspur FC     -  Fulham FC
  16.00  Liverpool FC             -  Manchester City FC


Matchday 14
[Tue Dec/3]
  19.45  AFC Bournemouth          -  Tottenham Hotspur FC
         Arsenal FC               -  Manchester United FC
         Aston Villa FC           -  Brentford FC
         Everton FC               -  Wolverhampton Wanderers FC
         Fulham FC                -  Brighton & Hove Albion FC
         Ipswich Town FC          -  Crystal Palace FC
         Leicester City FC        -  West Ham United FC
[Wed Dec/4]
  19.45  Manchester City FC       -  Nottingham Forest FC
         Newcastle United FC      -  Liverpool FC
         Southampton FC           -  Chelsea FC


Matchday 15
[Sat Dec/7]
  Aston Villa FC           -  Southampton FC
  Brentford FC             -  Newcastle United FC
  Crystal Palace FC        -  Manchester City FC
  Everton FC               -  Liverpool FC
  Fulham FC                -  Arsenal FC
  Ipswich Town FC          -  AFC Bournemouth
  Leicester City FC        -  Brighton & Hove Albion FC
  Manchester United FC     -  Nottingham Forest FC
  Tottenham Hotspur FC     -  Chelsea FC
  West Ham United FC       -  Wolverhampton Wanderers FC


Matchday 16
[Sat Dec/14]
  AFC Bournemouth          -  West Ham United FC
  Arsenal FC               -  Everton FC
  Brighton & Hove Albion FC  -  Crystal Palace FC
  Chelsea FC               -  Brentford FC
  Liverpool FC             -  Fulham FC
  Manchester City FC       -  Manchester United FC
  Newcastle United FC      -  Leicester City FC
  Nottingham Forest FC     -  Aston Villa FC
  Southampton FC           -  Tottenham Hotspur FC
  Wolverhampton Wanderers FC  -  Ipswich Town FC


Matchday 17
[Sat Dec/21]
  Aston Villa FC           -  Manchester City FC
  Brentford FC             -  Nottingham Forest FC
  Crystal Palace FC        -  Arsenal FC
  Everton FC               -  Chelsea FC
  Fulham FC                -  Southampton FC
  Ipswich Town FC          -  Newcastle United FC
  Leicester City FC        -  Wolverhampton Wanderers FC
  Manchester United FC     -  AFC Bournemouth
  Tottenham Hotspur FC     -  Liverpool FC
  West Ham United FC       -  Brighton & Hove Albion FC


Matchday 18
[Thu Dec/26]
  AFC Bournemouth          -  Crystal Palace FC
  Arsenal FC               -  Ipswich Town FC
  Brighton & Hove Albion FC  -  Brentford FC
  Chelsea FC               -  Fulham FC
  Liverpool FC             -  Leicester City FC
  Manchester City FC       -  Everton FC
  Newcastle United FC      -  Aston Villa FC
  Nottingham Forest FC     -  Tottenham Hotspur FC
  Southampton FC           -  West Ham United FC
  Wolverhampton Wanderers FC  -  Manchester United FC


Matchday 19
[Sun Dec/29]
  Aston Villa FC           -  Brighton & Hove Albion FC
  Brentford FC             -  Arsenal FC
  Crystal Palace FC        -  Southampton FC
  Everton FC               -  Nottingham Forest FC
  Fulham FC                -  AFC Bournemouth
  Ipswich Town FC          -  Chelsea FC
  Leicester City FC        -  Manchester City FC
  Manchester United FC     -  Newcastle United FC
  Tottenham Hotspur FC     -  Wolverhampton Wanderers FC
  West Ham United FC       -  Liverpool FC


Matchday 20
[Sat Jan/4]
  Brighton & Hove Albion FC  -  Arsenal FC
  Southampton FC           -  Brentford FC
  Crystal Palace FC        -  Chelsea FC
  AFC Bournemouth          -  Everton FC
  Fulham FC                -  Ipswich Town FC
  Aston Villa FC           -  Leicester City FC
  Liverpool FC             -  Manchester United FC
  Tottenham Hotspur FC     -  Newcastle United FC
  Wolverhampton Wanderers FC  -  Nottingham Forest FC
  Manchester City FC       -  West Ham United FC


Matchday 21
[Tue Jan/14]
  Everton FC               -  Aston Villa FC
  Ipswich Town FC          -  Brighton & Hove Albion FC
  Leicester City FC        -  Crystal Palace FC
  West Ham United FC       -  Fulham FC
  Nottingham Forest FC     -  Liverpool FC
  Brentford FC             -  Manchester City FC
  Arsenal FC               -  Tottenham Hotspur FC
[Wed Jan/15]
  Chelsea FC               -  AFC Bournemouth
  Manchester United FC     -  Southampton FC
  Newcastle United FC      -  Wolverhampton Wanderers FC


Matchday 22
[Sat Jan/18]
  Newcastle United FC      -  AFC Bournemouth
  Arsenal FC               -  Aston Villa FC
  Manchester United FC     -  Brighton & Hove Albion FC
  West Ham United FC       -  Crystal Palace FC
  Leicester City FC        -  Fulham FC
  Brentford FC             -  Liverpool FC
  Ipswich Town FC          -  Manchester City FC
  Nottingham Forest FC     -  Southampton FC
  Everton FC               -  Tottenham Hotspur FC
  Chelsea FC               -  Wolverhampton Wanderers FC


Matchday 23
[Sat Jan/25]
  Fulham FC                -  Manchester United FC
  Liverpool FC             -  Ipswich Town FC
  Wolverhampton Wanderers FC  -  Arsenal FC
  Brighton & Hove Albion FC  -  Everton FC
  Southampton FC           -  Newcastle United FC
  AFC Bournemouth          -  Nottingham Forest FC
  Aston Villa FC           -  West Ham United FC
  Crystal Palace FC        -  Brentford FC
  Manchester City FC       -  Chelsea FC
  Tottenham Hotspur FC     -  Leicester City FC


Matchday 24
[Sat Feb/1]
  Wolverhampton Wanderers FC  -  Aston Villa FC
  Nottingham Forest FC     -  Brighton & Hove Albion FC
  Manchester United FC     -  Crystal Palace FC
  Newcastle United FC      -  Fulham FC
  Everton FC               -  Leicester City FC
  AFC Bournemouth          -  Liverpool FC
  Arsenal FC               -  Manchester City FC
  Ipswich Town FC          -  Southampton FC
  Brentford FC             -  Tottenham Hotspur FC
  Chelsea FC               -  West Ham United FC


Matchday 25
[Sat Feb/15]
  Southampton FC           -  AFC Bournemouth
  Leicester City FC        -  Arsenal FC
  West Ham United FC       -  Brentford FC
  Brighton & Hove Albion FC  -  Chelsea FC
  Crystal Palace FC        -  Everton FC
  Aston Villa FC           -  Ipswich Town FC
  Tottenham Hotspur FC     -  Manchester United FC
  Manchester City FC       -  Newcastle United FC
  Fulham FC                -  Nottingham Forest FC
  Liverpool FC             -  Wolverhampton Wanderers FC


Matchday 26
[Sat Feb/22]
  Manchester City FC       -  Liverpool FC
  Everton FC               -  Manchester United FC
  Ipswich Town FC          -  Tottenham Hotspur FC
  Fulham FC                -  Crystal Palace FC
  Arsenal FC               -  West Ham United FC
  AFC Bournemouth          -  Wolverhampton Wanderers FC
  Leicester City FC        -  Brentford FC
  Southampton FC           -  Brighton & Hove Albion FC
  Aston Villa FC           -  Chelsea FC
  Newcastle United FC      -  Nottingham Forest FC


Matchday 27
[Tue Feb/25]
  Brighton & Hove Albion FC  -  AFC Bournemouth
  Nottingham Forest FC     -  Arsenal FC
  Crystal Palace FC        -  Aston Villa FC
  Brentford FC             -  Everton FC
  Wolverhampton Wanderers FC  -  Fulham FC
  Tottenham Hotspur FC     -  Manchester City FC
  West Ham United FC       -  Leicester City FC
[Wed Feb/26]
  Manchester United FC     -  Ipswich Town FC
  Chelsea FC               -  Southampton FC
  Liverpool FC             -  Newcastle United FC


Matchday 28
[Sat Mar/8]
  Tottenham Hotspur FC     -  AFC Bournemouth
  Manchester United FC     -  Arsenal FC
  Brentford FC             -  Aston Villa FC
  Wolverhampton Wanderers FC  -  Everton FC
  Brighton & Hove Albion FC  -  Fulham FC
  Crystal Palace FC        -  Ipswich Town FC
  West Ham United FC       -  Newcastle United FC
  Nottingham Forest FC     -  Manchester City FC
  Liverpool FC             -  Southampton FC
  Chelsea FC               -  Leicester City FC


Matchday 29
[Sat Mar/15]
  AFC Bournemouth          -  Brentford FC
  Arsenal FC               -  Chelsea FC
  Aston Villa FC           -  Liverpool FC
  Everton FC               -  West Ham United FC
  Fulham FC                -  Tottenham Hotspur FC
  Ipswich Town FC          -  Nottingham Forest FC
  Leicester City FC        -  Manchester United FC
  Manchester City FC       -  Brighton & Hove Albion FC
  Newcastle United FC      -  Crystal Palace FC
  Southampton FC           -  Wolverhampton Wanderers FC


Matchday 30
[Tue Apr/1]
  AFC Bournemouth          -  Ipswich Town FC
  Arsenal FC               -  Fulham FC
  Brighton & Hove Albion FC  -  Aston Villa FC
  Nottingham Forest FC     -  Manchester United FC
  Wolverhampton Wanderers FC  -  West Ham United FC
[Wed Apr/2]
  Chelsea FC               -  Tottenham Hotspur FC
  Manchester City FC       -  Leicester City FC
  Newcastle United FC      -  Brentford FC
  Southampton FC           -  Crystal Palace FC
  Liverpool FC             -  Everton FC


Matchday 31
[Sat Apr/5]
  Aston Villa FC           -  Nottingham Forest FC
  Brentford FC             -  Chelsea FC
  Crystal Palace FC        -  Brighton & Hove Albion FC
  Everton FC               -  Arsenal FC
  Fulham FC                -  Liverpool FC
  Ipswich Town FC          -  Wolverhampton Wanderers FC
  Leicester City FC        -  Newcastle United FC
  Manchester United FC     -  Manchester City FC
  Tottenham Hotspur FC     -  Southampton FC
  West Ham United FC       -  AFC Bournemouth


Matchday 32
[Sat Apr/12]
  AFC Bournemouth          -  Fulham FC
  Arsenal FC               -  Brentford FC
  Brighton & Hove Albion FC  -  Leicester City FC
  Chelsea FC               -  Ipswich Town FC
  Liverpool FC             -  West Ham United FC
  Manchester City FC       -  Crystal Palace FC
  Newcastle United FC      -  Manchester United FC
  Nottingham Forest FC     -  Everton FC
  Southampton FC           -  Aston Villa FC
  Wolverhampton Wanderers FC  -  Tottenham Hotspur FC


Matchday 33
[Sat Apr/19]
  Aston Villa FC           -  Newcastle United FC
  Brentford FC             -  Brighton & Hove Albion FC
  Crystal Palace FC        -  AFC Bournemouth
  Everton FC               -  Manchester City FC
  Fulham FC                -  Chelsea FC
  Ipswich Town FC          -  Arsenal FC
  Leicester City FC        -  Liverpool FC
  Manchester United FC     -  Wolverhampton Wanderers FC
  Tottenham Hotspur FC     -  Nottingham Forest FC
  West Ham United FC       -  Southampton FC


Matchday 34
[Sat Apr/26]
  AFC Bournemouth          -  Manchester United FC
  Arsenal FC               -  Crystal Palace FC
  Brighton & Hove Albion FC  -  West Ham United FC
  Chelsea FC               -  Everton FC
  Liverpool FC             -  Tottenham Hotspur FC
  Manchester City FC       -  Aston Villa FC
  Newcastle United FC      -  Ipswich Town FC
  Nottingham Forest FC     -  Brentford FC
  Southampton FC           -  Fulham FC
  Wolverhampton Wanderers FC  -  Leicester City FC


Matchday 35
[Sat May/3]
  Arsenal FC               -  AFC Bournemouth
  Aston Villa FC           -  Fulham FC
  Brentford FC             -  Manchester United FC
  Brighton & Hove Albion FC  -  Newcastle United FC
  Chelsea FC               -  Liverpool FC
  Crystal Palace FC        -  Nottingham Forest FC
  Everton FC               -  Ipswich Town FC
  Leicester City FC        -  Southampton FC
  Manchester City FC       -  Wolverhampton Wanderers FC
  West Ham United FC       -  Tottenham Hotspur FC


Matchday 36
[Sat May/10]
  AFC Bournemouth          -  Aston Villa FC
  Fulham FC                -  Everton FC
  Ipswich Town FC          -  Brentford FC
  Liverpool FC             -  Arsenal FC
  Manchester United FC     -  West Ham United FC
  Newcastle United FC      -  Chelsea FC
  Nottingham Forest FC     -  Leicester City FC
  Southampton FC           -  Manchester City FC
  Tottenham Hotspur FC     -  Crystal Palace FC
  Wolverhampton Wanderers FC  -  Brighton & Hove Albion FC


Matchday 37
[Sun May/18]
  Arsenal FC               -  Newcastle United FC
  Aston Villa FC           -  Tottenham Hotspur FC
  Brentford FC             -  Fulham FC
  Brighton & Hove Albion FC  -  Liverpool FC
  Chelsea FC               -  Manchester United FC
  Crystal Palace FC        -  Wolverhampton Wanderers FC
  Everton FC               -  Southampton FC
  Leicester City FC        -  Ipswich Town FC
  Manchester City FC       -  AFC Bournemouth
  West Ham United FC       -  Nottingham Forest FC


Matchday 38
[Sun May/25]
  16.00  AFC Bournemouth          -  Leicester City FC
         Fulham FC                -  Manchester City FC
         Ipswich Town FC          -  West Ham United FC
         Liverpool FC             -  Crystal Palace FC
         Manchester United FC     -  Aston Villa FC
         Newcastle United FC      -  Everton FC
         Nottingham Forest FC     -  Chelsea FC
         Southampton FC           -  Arsenal FC
         Tottenham Hotspur FC     -  Brighton & Hove Albion FC
         Wolverhampton Wanderers FC  -  Brentford FC
