= English Championship 2024/25



Matchday 1
[Fri Aug/9]
  20.00  Preston North End        0-2 (0-1)  Sheffield United
         Blackburn Rovers         4-2 (1-0)  Derby County
[Sat Aug/10]
  12.30  Cardiff City             0-2 (0-1)  Sunderland AFC
         Hull City                1-1 (0-0)  Bristol City
         Leeds United             3-3 (1-2)  Portsmouth FC
         Middlesbrough FC         1-0 (1-0)  Swansea City
         Millwall FC              2-3 (0-1)  Watford FC
         Oxford United            2-0 (1-0)  Norwich City
         Queens Park Rangers      1-3 (1-1)  West Bromwich Albion
         Stoke City               1-0 (0-0)  Coventry City
[Sun Aug/11]
  16.00  Sheffield Wednesday      4-0 (1-0)  Plymouth Argyle
[Mon Aug/12]
  20.00  Luton Town               1-4 (0-2)  Burnley FC


Matchday 2
[Fri Aug/16]
  20.00  Coventry City            3-2 (2-1)  Oxford United
[Sat Aug/17]
  12.30  Derby County             1-0 (1-0)  Middlesbrough FC
         Portsmouth FC            0-0  Luton Town
         West Bromwich Albion     0-0  Leeds United
  15.00  Bristol City             4-3 (2-0)  Millwall FC
         Burnley FC               5-0 (2-0)  Cardiff City
         Norwich City             2-2 (0-1)  Blackburn Rovers
         Plymouth Argyle          1-1 (0-0)  Hull City
         Sheffield United         2-2 (2-0)  Queens Park Rangers
         Swansea City             3-0 (1-0)  Preston North End
         Watford FC               3-0 (0-0)  Stoke City
[Sun Aug/18]
  12.00  Sunderland AFC           4-0 (3-0)  Sheffield Wednesday


Matchday 3
[Fri Aug/23]
  20.00  Sheffield Wednesday      0-2 (0-1)  Leeds United
[Sat Aug/24]
  12.30  Bristol City             1-1 (1-0)  Coventry City
         Hull City                0-0  Millwall FC
         Queens Park Rangers      1-1 (1-1)  Plymouth Argyle
  15.00  Blackburn Rovers         2-1 (1-1)  Oxford United
         Middlesbrough FC         2-2 (1-2)  Portsmouth FC
         Norwich City             1-1 (1-1)  Sheffield United
         Preston North End        1-0 (1-0)  Luton Town
         Stoke City               1-2 (1-2)  West Bromwich Albion
         Sunderland AFC           1-0 (1-0)  Burnley FC
         Watford FC               2-1 (1-1)  Derby County
[Sun Aug/25]
  15.00  Swansea City             1-1 (1-0)  Cardiff City


Matchday 4
[Fri Aug/30]
  20.00  Luton Town               1-2 (1-0)  Queens Park Rangers
[Sat Aug/31]
  12.30  Burnley FC               1-1 (1-1)  Blackburn Rovers
         Cardiff City             0-2 (0-0)  Middlesbrough FC
         Coventry City            0-1 (0-0)  Norwich City
  15.00  Derby County             3-0 (1-0)  Bristol City
         Leeds United             2-0 (0-0)  Hull City
         Millwall FC              3-0 (0-0)  Sheffield Wednesday
         Oxford United            3-1 (1-1)  Preston North End
         Plymouth Argyle          0-1 (0-0)  Stoke City
         Portsmouth FC            1-3 (0-1)  Sunderland AFC
         West Bromwich Albion     1-0 (1-0)  Swansea City
[Sun Sep/1]
  15.00  Sheffield United         1-0 (1-0)  Watford FC


Matchday 5
[Fri Sep/13]
  20.00  Hull City                -  Sheffield United
[Sat Sep/14]
  12.30  Leeds United             -  Burnley FC
         Millwall FC              -  Luton Town
         Oxford United            -  Stoke City
  15.00  Blackburn Rovers         -  Bristol City
         Derby County             -  Cardiff City
         Middlesbrough FC         -  Preston North End
         Plymouth Argyle          -  Sunderland AFC
         Sheffield Wednesday      -  Queens Park Rangers
         Swansea City             -  Norwich City
         Watford FC               -  Coventry City
[Sun Sep/15]
  15.00  Portsmouth FC            -  West Bromwich Albion


Matchday 6
[Fri Sep/20]
  20.00  Stoke City               -  Hull City
[Sat Sep/21]
  12.30  Norwich City             -  Watford FC
         Queens Park Rangers      -  Millwall FC
         Sunderland AFC           -  Middlesbrough FC
  15.00  Bristol City             -  Oxford United
         Burnley FC               -  Portsmouth FC
         Cardiff City             -  Leeds United
         Coventry City            -  Swansea City
         Luton Town               -  Sheffield Wednesday
         Sheffield United         -  Derby County
         West Bromwich Albion     -  Plymouth Argyle
[Sun Sep/22]
  12.00  Preston North End        -  Blackburn Rovers


Matchday 7
[Fri Sep/27]
  20.00  Plymouth Argyle          -  Luton Town
[Sat Sep/28]
  12.30  Blackburn Rovers         -  Queens Park Rangers
         Derby County             -  Norwich City
         Sheffield Wednesday      -  West Bromwich Albion
  15.00  Hull City                -  Cardiff City
         Leeds United             -  Coventry City
         Middlesbrough FC         -  Stoke City
         Millwall FC              -  Preston North End
         Oxford United            -  Burnley FC
         Portsmouth FC            -  Sheffield United
         Watford FC               -  Sunderland AFC
[Sun Sep/29]
  15.00  Swansea City             -  Bristol City


Matchday 8
[Tue Oct/1]
  19.45  Burnley FC               -  Plymouth Argyle
         Cardiff City             -  Millwall FC
         Coventry City            -  Blackburn Rovers
         Luton Town               -  Oxford United
         Queens Park Rangers      -  Hull City
         Sunderland AFC           -  Derby County
         Norwich City             -  Leeds United
  20.00  West Bromwich Albion     -  Middlesbrough FC
[Wed Oct/2]
  19.45  Preston North End        -  Watford FC
         Stoke City               -  Portsmouth FC
  20.00  Bristol City             -  Sheffield Wednesday
  19.45  Sheffield United         -  Swansea City


Matchday 9
[Fri Oct/4]
  20.00  Sunderland AFC           -  Leeds United
[Sat Oct/5]
  12.30  Burnley FC               -  Preston North End
         Norwich City             -  Hull City
         Portsmouth FC            -  Oxford United
  15.00  Coventry City            -  Sheffield Wednesday
         Derby County             -  Queens Park Rangers
         Plymouth Argyle          -  Blackburn Rovers
         Sheffield United         -  Luton Town
         Swansea City             -  Stoke City
         Watford FC               -  Middlesbrough FC
         West Bromwich Albion     -  Millwall FC
[Sun Oct/6]
  15.00  Bristol City             -  Cardiff City


Matchday 10
[Fri Oct/18]
  20.00  Leeds United             -  Sheffield United
[Sat Oct/19]
  12.30  Cardiff City             -  Plymouth Argyle
         Luton Town               -  Watford FC
         Oxford United            -  West Bromwich Albion
         Preston North End        -  Coventry City
  15.00  Blackburn Rovers         -  Swansea City
         Middlesbrough FC         -  Bristol City
         Millwall FC              -  Derby County
         Queens Park Rangers      -  Portsmouth FC
         Sheffield Wednesday      -  Burnley FC
         Stoke City               -  Norwich City
[Sun Oct/20]
  15.00  Hull City                -  Sunderland AFC


Matchday 11
[Tue Oct/22]
  19.45  Cardiff City             -  Portsmouth FC
         Leeds United             -  Watford FC
         Oxford United            -  Derby County
         Preston North End        -  Norwich City
         Sheffield Wednesday      -  Swansea City
         Stoke City               -  Bristol City
  20.00  Queens Park Rangers      -  Coventry City
[Wed Oct/23]
  19.45  Blackburn Rovers         -  West Bromwich Albion
         Luton Town               -  Sunderland AFC
         Millwall FC              -  Plymouth Argyle
  20.00  Middlesbrough FC         -  Sheffield United
  19.45  Hull City                -  Burnley FC


Matchday 12
[Fri Oct/25]
  20.00  Portsmouth FC            -  Sheffield Wednesday
[Sat Oct/26]
  12.30  Bristol City             -  Leeds United
         Coventry City            -  Luton Town
         Watford FC               -  Blackburn Rovers
  15.00  Burnley FC               -  Queens Park Rangers
         Derby County             -  Hull City
         Plymouth Argyle          -  Preston North End
         Sheffield United         -  Stoke City
         Sunderland AFC           -  Oxford United
         Swansea City             -  Millwall FC
         West Bromwich Albion     -  Cardiff City
[Sun Oct/27]
  15.00  Norwich City             -  Middlesbrough FC


Matchday 13
[Fri Nov/1]
  20.00  Luton Town               -  West Bromwich Albion
[Sat Nov/2]
  12.30  Blackburn Rovers         -  Sheffield United
         Oxford United            -  Swansea City
         Stoke City               -  Derby County
  15.00  Cardiff City             -  Norwich City
         Hull City                -  Portsmouth FC
         Leeds United             -  Plymouth Argyle
         Middlesbrough FC         -  Coventry City
         Preston North End        -  Bristol City
         Queens Park Rangers      -  Sunderland AFC
         Sheffield Wednesday      -  Watford FC
[Sun Nov/3]
  15.00  Millwall FC              -  Burnley FC


Matchday 14
[Tue Nov/5]
  19.45  Bristol City             -  Sheffield United
         Oxford United            -  Hull City
         Queens Park Rangers      -  Middlesbrough FC
         Sheffield Wednesday      -  Norwich City
  20.00  Plymouth Argyle          -  Portsmouth FC
         Swansea City             -  Watford FC
[Wed Nov/6]
  19.45  Blackburn Rovers         -  Stoke City
         Coventry City            -  Derby County
  20.00  Luton Town               -  Cardiff City
         Preston North End        -  Sunderland AFC
  19.45  Millwall FC              -  Leeds United
[Thu Nov/7]
  20.00  West Bromwich Albion     -  Burnley FC


Matchday 15
[Fri Nov/8]
  20.00  Watford FC               -  Oxford United
[Sat Nov/9]
  12.30  Cardiff City             -  Blackburn Rovers
         Middlesbrough FC         -  Luton Town
         Stoke City               -  Millwall FC
  15.00  Derby County             -  Plymouth Argyle
         Leeds United             -  Queens Park Rangers
         Norwich City             -  Bristol City
         Portsmouth FC            -  Preston North End
         Sunderland AFC           -  Coventry City
[Sun Nov/10]
  13.00  Hull City                -  West Bromwich Albion
  15.00  Burnley FC               -  Swansea City
  12.00  Sheffield United         -  Sheffield Wednesday


Matchday 16
[Fri Nov/22]
  20.00  Plymouth Argyle          -  Watford FC
[Sat Nov/23]
  12.30  Bristol City             -  Burnley FC
         Coventry City            -  Sheffield United
         Sheffield Wednesday      -  Cardiff City
  15.00  Blackburn Rovers         -  Portsmouth FC
         Luton Town               -  Hull City
         Millwall FC              -  Sunderland AFC
         Oxford United            -  Middlesbrough FC
         Preston North End        -  Derby County
         Queens Park Rangers      -  Stoke City
         West Bromwich Albion     -  Norwich City
[Sun Nov/24]
  15.00  Swansea City             -  Leeds United


Matchday 17
[Tue Nov/26]
  19.45  Burnley FC               -  Coventry City
         Hull City                -  Sheffield Wednesday
         Norwich City             -  Plymouth Argyle
         Sheffield United         -  Oxford United
         Stoke City               -  Preston North End
         Watford FC               -  Bristol City
  20.00  Sunderland AFC           -  West Bromwich Albion
[Wed Nov/27]
  19.45  Cardiff City             -  Queens Park Rangers
         Middlesbrough FC         -  Blackburn Rovers
         Portsmouth FC            -  Millwall FC
  20.00  Derby County             -  Swansea City
  19.45  Leeds United             -  Luton Town


Matchday 18
[Fri Nov/29]
  20.00  Sheffield United         -  Sunderland AFC
[Sat Nov/30]
  12.30  Middlesbrough FC         -  Hull City
         Oxford United            -  Millwall FC
         Watford FC               -  Queens Park Rangers
  15.00  Blackburn Rovers         -  Leeds United
         Bristol City             -  Plymouth Argyle
         Coventry City            -  Cardiff City
         Norwich City             -  Luton Town
         Preston North End        -  West Bromwich Albion
         Stoke City               -  Burnley FC
         Swansea City             -  Portsmouth FC
[Sun Dec/1]
  15.00  Derby County             -  Sheffield Wednesday


Matchday 19
[Fri Dec/6]
  20.00  Burnley FC               -  Middlesbrough FC
[Sat Dec/7]
  12.30  Leeds United             -  Derby County
         Sheffield Wednesday      -  Preston North End
         Sunderland AFC           -  Stoke City
  15.00  Cardiff City             -  Watford FC
         Hull City                -  Blackburn Rovers
         Luton Town               -  Swansea City
         Millwall FC              -  Coventry City
         Plymouth Argyle          -  Oxford United
         Portsmouth FC            -  Bristol City
         Queens Park Rangers      -  Norwich City
[Sun Dec/8]
  15.00  West Bromwich Albion     -  Sheffield United


Matchday 20
[Tue Dec/10]
  19.45  Burnley FC               -  Derby County
         Luton Town               -  Stoke City
         Plymouth Argyle          -  Swansea City
         Portsmouth FC            -  Norwich City
         Sheffield Wednesday      -  Blackburn Rovers
         Sunderland AFC           -  Bristol City
  20.00  Leeds United             -  Middlesbrough FC
[Wed Dec/11]
  19.45  Cardiff City             -  Preston North End
         Hull City                -  Watford FC
         Queens Park Rangers      -  Oxford United
  20.00  West Bromwich Albion     -  Coventry City
  19.45  Millwall FC              -  Sheffield United


Matchday 21
[Fri Dec/13]
  20.00  Derby County             -  Portsmouth FC
[Sat Dec/14]
  12.30  Bristol City             -  Queens Park Rangers
         Coventry City            -  Hull City
         Preston North End        -  Leeds United
  15.00  Blackburn Rovers         -  Luton Town
         Middlesbrough FC         -  Millwall FC
         Oxford United            -  Sheffield Wednesday
         Sheffield United         -  Plymouth Argyle
         Stoke City               -  Cardiff City
         Swansea City             -  Sunderland AFC
[Sun Dec/15]
  15.00  Norwich City             -  Burnley FC
  14.00  Watford FC               -  West Bromwich Albion


Matchday 22
[Fri Dec/20]
  20.00  Luton Town               -  Derby County
[Sat Dec/21]
  12.30  Hull City                -  Swansea City
         Portsmouth FC            -  Coventry City
         Sheffield Wednesday      -  Stoke City
  15.00  Burnley FC               -  Watford FC
         Cardiff City             -  Sheffield United
         Leeds United             -  Oxford United
         Millwall FC              -  Blackburn Rovers
         Plymouth Argyle          -  Middlesbrough FC
         Queens Park Rangers      -  Preston North End
         Sunderland AFC           -  Norwich City
[Sun Dec/22]
  15.00  West Bromwich Albion     -  Bristol City


Matchday 23
[Thu Dec/26]
  15.00  Blackburn Rovers         -  Sunderland AFC
         Bristol City             -  Luton Town
         Coventry City            -  Plymouth Argyle
         Middlesbrough FC         -  Sheffield Wednesday
         Norwich City             -  Millwall FC
         Oxford United            -  Cardiff City
         Preston North End        -  Hull City
         Sheffield United         -  Burnley FC
         Swansea City             -  Queens Park Rangers
         Watford FC               -  Portsmouth FC
  17.30  Derby County             -  West Bromwich Albion
  20.00  Stoke City               -  Leeds United


Matchday 24
[Sun Dec/29]
  12.30  Norwich City             -  Queens Park Rangers
         Preston North End        -  Sheffield Wednesday
         Sheffield United         -  West Bromwich Albion
  15.00  Blackburn Rovers         -  Hull City
         Bristol City             -  Portsmouth FC
         Coventry City            -  Millwall FC
         Oxford United            -  Plymouth Argyle
         Stoke City               -  Sunderland AFC
         Swansea City             -  Luton Town
         Watford FC               -  Cardiff City
  17.45  Derby County             -  Leeds United
  20.00  Middlesbrough FC         -  Burnley FC


Matchday 25
[Wed Jan/1]
  12.30  Plymouth Argyle          -  Bristol City
         Queens Park Rangers      -  Watford FC
  13.00  Millwall FC              -  Oxford United
  15.00  Burnley FC               -  Stoke City
         Cardiff City             -  Coventry City
         Leeds United             -  Blackburn Rovers
         Luton Town               -  Norwich City
         Portsmouth FC            -  Swansea City
         Sheffield Wednesday      -  Derby County
         West Bromwich Albion     -  Preston North End
  17.30  Hull City                -  Middlesbrough FC
  20.00  Sunderland AFC           -  Sheffield United


Matchday 26
[Sat Jan/4]
  12.30  Blackburn Rovers         -  Burnley FC
         Stoke City               -  Plymouth Argyle
         Swansea City             -  West Bromwich Albion
  15.00  Bristol City             -  Derby County
         Hull City                -  Leeds United
         Middlesbrough FC         -  Cardiff City
         Norwich City             -  Coventry City
         Preston North End        -  Oxford United
         Sheffield Wednesday      -  Millwall FC
         Watford FC               -  Sheffield United
[Sun Jan/5]
  15.00  Sunderland AFC           -  Portsmouth FC
[Mon Jan/6]
  20.00  Queens Park Rangers      -  Luton Town


Matchday 27
[Sat Jan/18]
  15.00  Burnley FC               -  Sunderland AFC
         Cardiff City             -  Swansea City
         Coventry City            -  Bristol City
         Derby County             -  Watford FC
         Leeds United             -  Sheffield Wednesday
         Luton Town               -  Preston North End
         Millwall FC              -  Hull City
         Oxford United            -  Blackburn Rovers
         Plymouth Argyle          -  Queens Park Rangers
         Portsmouth FC            -  Middlesbrough FC
         Sheffield United         -  Norwich City
         West Bromwich Albion     -  Stoke City


Matchday 28
[Tue Jan/21]
  19.45  Blackburn Rovers         -  Coventry City
         Derby County             -  Sunderland AFC
         Hull City                -  Queens Park Rangers
         Middlesbrough FC         -  West Bromwich Albion
         Millwall FC              -  Cardiff City
         Oxford United            -  Luton Town
         Swansea City             -  Sheffield United
         Watford FC               -  Preston North End
[Wed Jan/22]
  19.45  Plymouth Argyle          -  Burnley FC
         Portsmouth FC            -  Stoke City
         Sheffield Wednesday      -  Bristol City
         Leeds United             -  Norwich City


Matchday 29
[Sat Jan/25]
  15.00  Bristol City             -  Blackburn Rovers
         Burnley FC               -  Leeds United
         Cardiff City             -  Derby County
         Coventry City            -  Watford FC
         Luton Town               -  Millwall FC
         Norwich City             -  Swansea City
         Preston North End        -  Middlesbrough FC
         Queens Park Rangers      -  Sheffield Wednesday
         Sheffield United         -  Hull City
         Stoke City               -  Oxford United
         Sunderland AFC           -  Plymouth Argyle
         West Bromwich Albion     -  Portsmouth FC


Matchday 30
[Sat Feb/1]
  15.00  Blackburn Rovers         -  Preston North End
         Derby County             -  Sheffield United
         Hull City                -  Stoke City
         Leeds United             -  Cardiff City
         Middlesbrough FC         -  Sunderland AFC
         Millwall FC              -  Queens Park Rangers
         Oxford United            -  Bristol City
         Plymouth Argyle          -  West Bromwich Albion
         Portsmouth FC            -  Burnley FC
         Sheffield Wednesday      -  Luton Town
         Swansea City             -  Coventry City
         Watford FC               -  Norwich City


Matchday 31
[Sat Feb/8]
  15.00  Bristol City             -  Swansea City
         Burnley FC               -  Oxford United
         Cardiff City             -  Hull City
         Coventry City            -  Leeds United
         Luton Town               -  Plymouth Argyle
         Norwich City             -  Derby County
         Preston North End        -  Millwall FC
         Queens Park Rangers      -  Blackburn Rovers
         Sheffield United         -  Portsmouth FC
         Stoke City               -  Middlesbrough FC
         Sunderland AFC           -  Watford FC
         West Bromwich Albion     -  Sheffield Wednesday


Matchday 32
[Tue Feb/11]
  19.45  Bristol City             -  Stoke City
         Coventry City            -  Queens Park Rangers
         Derby County             -  Oxford United
         Norwich City             -  Preston North End
         Plymouth Argyle          -  Millwall FC
         Portsmouth FC            -  Cardiff City
         Swansea City             -  Sheffield Wednesday
         Watford FC               -  Leeds United
[Wed Feb/12]
  19.45  Sheffield United         -  Middlesbrough FC
         Sunderland AFC           -  Luton Town
         West Bromwich Albion     -  Blackburn Rovers
         Burnley FC               -  Hull City


Matchday 33
[Sat Feb/15]
  15.00  Blackburn Rovers         -  Plymouth Argyle
         Cardiff City             -  Bristol City
         Hull City                -  Norwich City
         Leeds United             -  Sunderland AFC
         Luton Town               -  Sheffield United
         Middlesbrough FC         -  Watford FC
         Millwall FC              -  West Bromwich Albion
         Oxford United            -  Portsmouth FC
         Preston North End        -  Burnley FC
         Queens Park Rangers      -  Derby County
         Sheffield Wednesday      -  Coventry City
         Stoke City               -  Swansea City


Matchday 34
[Sat Feb/22]
  15.00  Bristol City             -  Middlesbrough FC
         Burnley FC               -  Sheffield Wednesday
         Coventry City            -  Preston North End
         Derby County             -  Millwall FC
         Norwich City             -  Stoke City
         Plymouth Argyle          -  Cardiff City
         Portsmouth FC            -  Queens Park Rangers
         Sheffield United         -  Leeds United
         Sunderland AFC           -  Hull City
         Swansea City             -  Blackburn Rovers
         Watford FC               -  Luton Town
         West Bromwich Albion     -  Oxford United


Matchday 35
[Sat Mar/1]
  15.00  Blackburn Rovers         -  Norwich City
         Cardiff City             -  Burnley FC
         Hull City                -  Plymouth Argyle
         Leeds United             -  West Bromwich Albion
         Luton Town               -  Portsmouth FC
         Middlesbrough FC         -  Derby County
         Millwall FC              -  Bristol City
         Oxford United            -  Coventry City
         Preston North End        -  Swansea City
         Queens Park Rangers      -  Sheffield United
         Sheffield Wednesday      -  Sunderland AFC
         Stoke City               -  Watford FC


Matchday 36
[Sat Mar/8]
  15.00  Bristol City             -  Hull City
         Burnley FC               -  Luton Town
         Coventry City            -  Stoke City
         Derby County             -  Blackburn Rovers
         Norwich City             -  Oxford United
         Plymouth Argyle          -  Sheffield Wednesday
         Portsmouth FC            -  Leeds United
         Sheffield United         -  Preston North End
         Sunderland AFC           -  Cardiff City
         Swansea City             -  Middlesbrough FC
         Watford FC               -  Millwall FC
         West Bromwich Albion     -  Queens Park Rangers


Matchday 37
[Tue Mar/11]
  19.45  Burnley FC               -  West Bromwich Albion
         Cardiff City             -  Luton Town
         Derby County             -  Coventry City
         Middlesbrough FC         -  Queens Park Rangers
         Portsmouth FC            -  Plymouth Argyle
         Stoke City               -  Blackburn Rovers
         Sunderland AFC           -  Preston North End
[Wed Mar/12]
  19.45  Leeds United             -  Millwall FC
         Norwich City             -  Sheffield Wednesday
         Sheffield United         -  Bristol City
         Watford FC               -  Swansea City
         Hull City                -  Oxford United


Matchday 38
[Sat Mar/15]
  15.00  Blackburn Rovers         -  Cardiff City
         Bristol City             -  Norwich City
         Coventry City            -  Sunderland AFC
         Luton Town               -  Middlesbrough FC
         Millwall FC              -  Stoke City
         Oxford United            -  Watford FC
         Plymouth Argyle          -  Derby County
         Preston North End        -  Portsmouth FC
         Queens Park Rangers      -  Leeds United
         Sheffield Wednesday      -  Sheffield United
         Swansea City             -  Burnley FC
         West Bromwich Albion     -  Hull City


Matchday 39
[Sat Mar/29]
  15.00  Sunderland AFC           -  Millwall FC
         Cardiff City             -  Sheffield Wednesday
         Derby County             -  Preston North End
         Burnley FC               -  Bristol City
         Middlesbrough FC         -  Oxford United
         Watford FC               -  Plymouth Argyle
         Hull City                -  Luton Town
         Leeds United             -  Swansea City
         Norwich City             -  West Bromwich Albion
         Portsmouth FC            -  Blackburn Rovers
         Sheffield United         -  Coventry City
         Stoke City               -  Queens Park Rangers


Matchday 40
[Sat Apr/5]
  15.00  Blackburn Rovers         -  Middlesbrough FC
         Bristol City             -  Watford FC
         Coventry City            -  Burnley FC
         Luton Town               -  Leeds United
         Millwall FC              -  Portsmouth FC
         Oxford United            -  Sheffield United
         Plymouth Argyle          -  Norwich City
         Preston North End        -  Stoke City
         Queens Park Rangers      -  Cardiff City
         Sheffield Wednesday      -  Hull City
         Swansea City             -  Derby County
         West Bromwich Albion     -  Sunderland AFC


Matchday 41
[Tue Apr/8]
  19.45  Blackburn Rovers         -  Sheffield Wednesday
         Bristol City             -  West Bromwich Albion
         Middlesbrough FC         -  Leeds United
         Norwich City             -  Sunderland AFC
         Preston North End        -  Cardiff City
         Sheffield United         -  Millwall FC
         Stoke City               -  Luton Town
         Watford FC               -  Hull City
[Wed Apr/9]
  19.45  Derby County             -  Burnley FC
         Oxford United            -  Queens Park Rangers
         Swansea City             -  Plymouth Argyle
         Coventry City            -  Portsmouth FC


Matchday 42
[Sat Apr/12]
  15.00  Burnley FC               -  Norwich City
         Cardiff City             -  Stoke City
         Hull City                -  Coventry City
         Leeds United             -  Preston North End
         Luton Town               -  Blackburn Rovers
         Millwall FC              -  Middlesbrough FC
         Plymouth Argyle          -  Sheffield United
         Portsmouth FC            -  Derby County
         Queens Park Rangers      -  Bristol City
         Sheffield Wednesday      -  Oxford United
         Sunderland AFC           -  Swansea City
         West Bromwich Albion     -  Watford FC


Matchday 43
[Fri Apr/18]
  15.00  Blackburn Rovers         -  Millwall FC
         Bristol City             -  Sunderland AFC
         Coventry City            -  West Bromwich Albion
         Derby County             -  Luton Town
         Middlesbrough FC         -  Plymouth Argyle
         Watford FC               -  Burnley FC
         Norwich City             -  Portsmouth FC
         Oxford United            -  Leeds United
         Preston North End        -  Queens Park Rangers
         Sheffield United         -  Cardiff City
         Stoke City               -  Sheffield Wednesday
         Swansea City             -  Hull City


Matchday 44
[Mon Apr/21]
  15.00  Burnley FC               -  Sheffield United
         Cardiff City             -  Oxford United
         Hull City                -  Preston North End
         Leeds United             -  Stoke City
         Luton Town               -  Bristol City
         Millwall FC              -  Norwich City
         Plymouth Argyle          -  Coventry City
         Portsmouth FC            -  Watford FC
         Queens Park Rangers      -  Swansea City
         Sheffield Wednesday      -  Middlesbrough FC
         Sunderland AFC           -  Blackburn Rovers
         West Bromwich Albion     -  Derby County


Matchday 45
[Sat Apr/26]
  15.00  Blackburn Rovers         -  Watford FC
         Cardiff City             -  West Bromwich Albion
         Hull City                -  Derby County
         Leeds United             -  Bristol City
         Luton Town               -  Coventry City
         Middlesbrough FC         -  Norwich City
         Millwall FC              -  Swansea City
         Oxford United            -  Sunderland AFC
         Preston North End        -  Plymouth Argyle
         Queens Park Rangers      -  Burnley FC
         Sheffield Wednesday      -  Portsmouth FC
         Stoke City               -  Sheffield United


Matchday 46
[Sat May/3]
  15.00  Bristol City             -  Preston North End
         Burnley FC               -  Millwall FC
         Coventry City            -  Middlesbrough FC
         Derby County             -  Stoke City
         Norwich City             -  Cardiff City
         Plymouth Argyle          -  Leeds United
         Portsmouth FC            -  Hull City
         Sheffield United         -  Blackburn Rovers
         Sunderland AFC           -  Queens Park Rangers
         Swansea City             -  Oxford United
         Watford FC               -  Sheffield Wednesday
         West Bromwich Albion     -  Luton Town
