= English League One 2024/25



Matchday 1
[Fri Aug/9]
  20.00  Barnsley FC              1-2 (1-2)  Mansfield Town
[Sat Aug/10]
  17.30  Birmingham City          1-1 (0-1)  Reading FC
         Bristol Rovers           1-0 (0-0)  Northampton Town
         Burton Albion            2-3 (2-2)  Lincoln City
         Crawley Town             2-1 (2-0)  Blackpool FC
         Exeter City              1-0 (0-0)  Rotherham United
         Leyton Orient            1-2 (1-1)  Bolton Wanderers
         Peterborough United      0-2 (0-2)  Huddersfield Town
         Stevenage FC             1-0 (0-0)  Shrewsbury Town
         Stockport County         2-0 (1-0)  Cambridge United
         Wigan Athletic           0-1 (0-0)  Charlton Athletic
         Wrexham AFC              3-2 (2-0)  Wycombe Wanderers


Matchday 2
[Sat Aug/17]
  12.30  Charlton Athletic        1-0 (0-0)  Leyton Orient
         Shrewsbury Town          1-4 (1-1)  Peterborough United
  15.00  Blackpool FC             0-3 (0-0)  Stockport County
         Cambridge United         0-1 (0-0)  Crawley Town
         Huddersfield Town        2-1 (1-0)  Stevenage FC
         Lincoln City             1-2 (0-1)  Barnsley FC
         Mansfield Town           3-3 (2-1)  Burton Albion
         Northampton Town         2-1 (0-1)  Exeter City
         Reading FC               2-0 (1-0)  Wigan Athletic
         Rotherham United         0-0  Bristol Rovers
         Wycombe Wanderers        2-3 (1-1)  Birmingham City
[Sun Aug/18]
  15.00  Bolton Wanderers         0-0  Wrexham AFC


Matchday 3
[Sat Aug/24]
  12.30  Burton Albion            0-0  Stevenage FC
         Stockport County         2-0 (1-0)  Bristol Rovers
  15.00  Barnsley FC              2-2 (1-0)  Northampton Town
         Cambridge United         4-4 (1-3)  Blackpool FC
         Charlton Athletic        2-0 (1-0)  Bolton Wanderers
         Exeter City              1-2 (1-2)  Peterborough United
         Huddersfield Town        1-0 (1-0)  Shrewsbury Town
         Leyton Orient            1-2 (1-2)  Birmingham City
         Lincoln City             4-1 (2-0)  Mansfield Town
         Wigan Athletic           1-0 (1-0)  Crawley Town
         Wrexham AFC              3-0 (2-0)  Reading FC
         Wycombe Wanderers        2-0 (0-0)  Rotherham United


Matchday 4
[Sat Aug/31]
  12.30  Blackpool FC             2-2 (1-1)  Wycombe Wanderers
         Rotherham United         2-1 (0-0)  Huddersfield Town
  15.00  Birmingham City          2-1 (1-0)  Wigan Athletic
         Bolton Wanderers         0-2 (0-1)  Exeter City
         Bristol Rovers           2-0 (1-0)  Cambridge United
         Crawley Town             0-3 (0-3)  Barnsley FC
         Mansfield Town           1-1 (1-1)  Stockport County
         Northampton Town         0-0  Burton Albion
         Peterborough United      0-2 (0-2)  Wrexham AFC
         Reading FC               2-0 (0-0)  Charlton Athletic
         Shrewsbury Town          3-0 (1-0)  Leyton Orient
         Stevenage FC             0-1 (0-0)  Lincoln City


Matchday 5
[Sat Sep/7]
  Burton Albion            -  Crawley Town
  Exeter City              -  Birmingham City
  Huddersfield Town        -  Blackpool FC
  Leyton Orient            -  Peterborough United
  Lincoln City             -  Northampton Town
  Wigan Athletic           -  Stevenage FC
  Wycombe Wanderers        -  Mansfield Town
  15.00  Barnsley FC              2-1 (1-1)  Bristol Rovers
         Charlton Athletic        1-1 (0-0)  Rotherham United
         Wrexham AFC              3-0 (2-0)  Shrewsbury Town


Matchday 6
[Sat Sep/14]
  15.00  Stevenage FC             -  Barnsley FC
         Shrewsbury Town          -  Charlton Athletic
  12.30  Mansfield Town           -  Cambridge United
         Northampton Town         -  Wycombe Wanderers
  15.00  Blackpool FC             -  Exeter City
         Bolton Wanderers         -  Huddersfield Town
         Bristol Rovers           -  Wigan Athletic
         Crawley Town             -  Stockport County
         Peterborough United      -  Lincoln City
         Reading FC               -  Leyton Orient
         Rotherham United         -  Burton Albion
[Mon Sep/16]
  20.00  Birmingham City          -  Wrexham AFC


Matchday 7
[Sat Sep/21]
  15.00  Stockport County         -  Leyton Orient
         Wrexham AFC              -  Crawley Town
  12.30  Exeter City              -  Stevenage FC
         Lincoln City             -  Wigan Athletic
  15.00  Bolton Wanderers         -  Reading FC
         Burton Albion            -  Barnsley FC
         Charlton Athletic        -  Blackpool FC
         Huddersfield Town        -  Northampton Town
         Mansfield Town           -  Shrewsbury Town
         Peterborough United      -  Bristol Rovers
         Rotherham United         -  Birmingham City
         Wycombe Wanderers        -  Cambridge United


Matchday 8
[Sat Sep/28]
  19.45  Barnsley FC              -  Stockport County
  15.00  Wigan Athletic           -  Exeter City
  12.30  Crawley Town             -  Bolton Wanderers
         Reading FC               -  Huddersfield Town
  15.00  Birmingham City          -  Peterborough United
         Blackpool FC             -  Burton Albion
         Bristol Rovers           -  Wycombe Wanderers
         Cambridge United         -  Lincoln City
         Leyton Orient            -  Wrexham AFC
         Northampton Town         -  Mansfield Town
         Shrewsbury Town          -  Rotherham United
         Stevenage FC             -  Charlton Athletic


Matchday 9
[Tue Oct/1]
  19.45  Crawley Town             -  Mansfield Town
  20.00  Reading FC               -  Burton Albion
  19.45  Barnsley FC              -  Wycombe Wanderers
         Birmingham City          -  Huddersfield Town
         Blackpool FC             -  Lincoln City
         Bristol Rovers           -  Charlton Athletic
         Cambridge United         -  Rotherham United
         Wigan Athletic           -  Peterborough United
         Leyton Orient            -  Exeter City
         Northampton Town         -  Bolton Wanderers
         Shrewsbury Town          -  Stockport County
         Stevenage FC             -  Wrexham AFC


Matchday 10
[Sat Oct/5]
  15.00  Wrexham AFC              -  Northampton Town
         Stockport County         -  Wigan Athletic
  12.30  Huddersfield Town        -  Barnsley FC
         Peterborough United      -  Stevenage FC
  15.00  Bolton Wanderers         -  Shrewsbury Town
         Burton Albion            -  Bristol Rovers
         Charlton Athletic        -  Birmingham City
         Exeter City              -  Cambridge United
         Lincoln City             -  Leyton Orient
         Mansfield Town           -  Blackpool FC
         Rotherham United         -  Reading FC
         Wycombe Wanderers        -  Crawley Town


Matchday 11
[Sat Oct/12]
  15.00  Wigan Athletic           -  Northampton Town
         Wrexham AFC              -  Lincoln City
         Barnsley FC              -  Reading FC
         Birmingham City          -  Cambridge United
         Bristol Rovers           -  Blackpool FC
         Burton Albion            -  Charlton Athletic
         Crawley Town             -  Shrewsbury Town
         Exeter City              -  Mansfield Town
         Leyton Orient            -  Huddersfield Town
         Peterborough United      -  Rotherham United
         Stevenage FC             -  Bolton Wanderers
         Stockport County         -  Wycombe Wanderers


Matchday 12
[Thu Oct/17]
  20.00  Shrewsbury Town          -  Exeter City
[Sat Oct/19]
  15.00  Northampton Town         -  Leyton Orient
         Rotherham United         -  Wrexham AFC
  12.30  Reading FC               -  Crawley Town
         Wycombe Wanderers        -  Peterborough United
  15.00  Blackpool FC             -  Barnsley FC
         Bolton Wanderers         -  Burton Albion
         Cambridge United         -  Wigan Athletic
         Charlton Athletic        -  Stockport County
         Huddersfield Town        -  Bristol Rovers
         Lincoln City             -  Birmingham City
         Mansfield Town           -  Stevenage FC


Matchday 13
[Tue Oct/22]
  19.45  Wigan Athletic           -  Mansfield Town
         Stockport County         -  Northampton Town
         Barnsley FC              -  Charlton Athletic
         Birmingham City          -  Bolton Wanderers
         Bristol Rovers           -  Shrewsbury Town
         Burton Albion            -  Wycombe Wanderers
         Crawley Town             -  Lincoln City
         Exeter City              -  Reading FC
         Leyton Orient            -  Rotherham United
         Peterborough United      -  Blackpool FC
         Stevenage FC             -  Cambridge United
         Wrexham AFC              -  Huddersfield Town


Matchday 14
[Sat Oct/26]
  15.00  Wycombe Wanderers        -  Leyton Orient
         Shrewsbury Town          -  Barnsley FC
  12.30  Mansfield Town           -  Birmingham City
         Reading FC               -  Bristol Rovers
  15.00  Bolton Wanderers         -  Peterborough United
         Cambridge United         -  Burton Albion
         Charlton Athletic        -  Wrexham AFC
         Huddersfield Town        -  Exeter City
         Lincoln City             -  Stockport County
         Northampton Town         -  Crawley Town
         Rotherham United         -  Stevenage FC
[Mon Oct/28]
  20.00  Blackpool FC             -  Wigan Athletic


Matchday 5
[Tue Oct/29]
  19.45  Stockport County         -  Reading FC


Matchday 15
[Sat Nov/9]
  15.00  Exeter City              -  Charlton Athletic
  12.30  Burton Albion            -  Shrewsbury Town
         Wrexham AFC              -  Mansfield Town
  15.00  Birmingham City          -  Northampton Town
         Bristol Rovers           -  Lincoln City
         Crawley Town             -  Huddersfield Town
         Wigan Athletic           -  Wycombe Wanderers
         Leyton Orient            -  Blackpool FC
         Peterborough United      -  Cambridge United
         Stevenage FC             -  Reading FC
         Stockport County         -  Bolton Wanderers
[Mon Nov/11]
  20.00  Barnsley FC              -  Rotherham United


Matchday 16
[Sat Nov/16]
  15.00  Charlton Athletic        -  Peterborough United
  12.30  Exeter City              -  Lincoln City
  15.00  Birmingham City          -  Stevenage FC
         Blackpool FC             -  Northampton Town
         Bristol Rovers           -  Crawley Town
         Cambridge United         -  Barnsley FC
         Wycombe Wanderers        -  Huddersfield Town
         Leyton Orient            -  Mansfield Town
         Reading FC               -  Shrewsbury Town
         Rotherham United         -  Bolton Wanderers
         Stockport County         -  Wrexham AFC
         Wigan Athletic           -  Burton Albion


Matchday 17
[Sat Nov/23]
  15.00  Wrexham AFC              -  Exeter City
  12.30  Bolton Wanderers         -  Blackpool FC
         Stevenage FC             -  Leyton Orient
  15.00  Barnsley FC              -  Wigan Athletic
         Burton Albion            -  Stockport County
         Crawley Town             -  Rotherham United
         Huddersfield Town        -  Charlton Athletic
         Lincoln City             -  Wycombe Wanderers
         Mansfield Town           -  Bristol Rovers
         Northampton Town         -  Cambridge United
         Peterborough United      -  Reading FC
         Shrewsbury Town          -  Birmingham City


Matchday 5
[Tue Nov/26]
  19.45  Cambridge United         -  Bolton Wanderers


Matchday 18
[Tue Dec/3]
  19.45  Birmingham City          -  Stockport County
         Bolton Wanderers         -  Mansfield Town
         Charlton Athletic        -  Crawley Town
         Exeter City              -  Wycombe Wanderers
         Leyton Orient            -  Bristol Rovers
         Peterborough United      -  Burton Albion
         Rotherham United         -  Lincoln City
         Shrewsbury Town          -  Blackpool FC
         Stevenage FC             -  Northampton Town
         Wrexham AFC              -  Barnsley FC
  20.00  Huddersfield Town        -  Wigan Athletic
         Reading FC               -  Cambridge United


Matchday 19
[Sat Dec/7]
  12.30  Lincoln City             -  Charlton Athletic
         Wigan Athletic           -  Leyton Orient
  15.00  Barnsley FC              -  Birmingham City
         Blackpool FC             -  Rotherham United
         Bristol Rovers           -  Bolton Wanderers
         Burton Albion            -  Wrexham AFC
         Cambridge United         -  Shrewsbury Town
         Crawley Town             -  Stevenage FC
         Mansfield Town           -  Huddersfield Town
         Stockport County         -  Exeter City
         Wycombe Wanderers        -  Reading FC
[Mon Dec/9]
  20.00  Northampton Town         -  Peterborough United


Matchday 20
[Sat Dec/14]
  12.30  Bolton Wanderers         -  Wigan Athletic
         Leyton Orient            -  Burton Albion
  15.00  Birmingham City          -  Bristol Rovers
         Charlton Athletic        -  Mansfield Town
         Exeter City              -  Barnsley FC
         Huddersfield Town        -  Lincoln City
         Peterborough United      -  Crawley Town
         Reading FC               -  Blackpool FC
         Rotherham United         -  Northampton Town
         Shrewsbury Town          -  Wycombe Wanderers
         Stevenage FC             -  Stockport County
         Wrexham AFC              -  Cambridge United


Matchday 21
[Fri Dec/20]
  19.45  Stockport County         -  Peterborough United
         Wycombe Wanderers        -  Bolton Wanderers
         Cambridge United         -  Huddersfield Town
[Sat Dec/21]
  12.30  Bristol Rovers           -  Wrexham AFC
         Lincoln City             -  Reading FC
  15.00  Barnsley FC              -  Leyton Orient
         Blackpool FC             -  Stevenage FC
         Burton Albion            -  Exeter City
         Mansfield Town           -  Rotherham United
         Northampton Town         -  Charlton Athletic
         Wigan Athletic           -  Shrewsbury Town
[Mon Dec/23]
  20.00  Crawley Town             -  Birmingham City


Matchday 22
[Thu Dec/26]
  13.00  Leyton Orient            -  Crawley Town
  15.00  Birmingham City          -  Burton Albion
         Bolton Wanderers         -  Barnsley FC
         Charlton Athletic        -  Cambridge United
         Exeter City              -  Bristol Rovers
         Huddersfield Town        -  Stockport County
         Peterborough United      -  Mansfield Town
         Reading FC               -  Northampton Town
         Rotherham United         -  Wigan Athletic
         Shrewsbury Town          -  Lincoln City
         Stevenage FC             -  Wycombe Wanderers
         Wrexham AFC              -  Blackpool FC


Matchday 23
[Sun Dec/29]
  12.30  Charlton Athletic        -  Wycombe Wanderers
         Rotherham United         -  Stockport County
  15.00  Birmingham City          -  Blackpool FC
         Bolton Wanderers         -  Lincoln City
         Exeter City              -  Crawley Town
         Huddersfield Town        -  Burton Albion
         Leyton Orient            -  Cambridge United
         Peterborough United      -  Barnsley FC
         Reading FC               -  Mansfield Town
         Shrewsbury Town          -  Northampton Town
         Stevenage FC             -  Bristol Rovers
         Wrexham AFC              -  Wigan Athletic


Matchday 24
[Wed Jan/1]
  15.00  Barnsley FC              -  Wrexham AFC
         Blackpool FC             -  Shrewsbury Town
         Bristol Rovers           -  Leyton Orient
         Burton Albion            -  Peterborough United
         Cambridge United         -  Reading FC
         Crawley Town             -  Charlton Athletic
         Lincoln City             -  Rotherham United
         Mansfield Town           -  Bolton Wanderers
         Northampton Town         -  Stevenage FC
         Stockport County         -  Birmingham City
         Wigan Athletic           -  Huddersfield Town
         Wycombe Wanderers        -  Exeter City


Matchday 25
[Sat Jan/4]
  12.30  Burton Albion            -  Northampton Town
         Cambridge United         -  Bristol Rovers
  15.00  Barnsley FC              -  Crawley Town
         Charlton Athletic        -  Reading FC
         Exeter City              -  Bolton Wanderers
         Huddersfield Town        -  Rotherham United
         Leyton Orient            -  Shrewsbury Town
         Lincoln City             -  Stevenage FC
         Stockport County         -  Mansfield Town
         Wigan Athletic           -  Birmingham City
         Wrexham AFC              -  Peterborough United
         Wycombe Wanderers        -  Blackpool FC


Matchday 26
[Sat Jan/11]
  15.00  Birmingham City          -  Leyton Orient
         Blackpool FC             -  Cambridge United
         Bolton Wanderers         -  Charlton Athletic
         Bristol Rovers           -  Stockport County
         Crawley Town             -  Wigan Athletic
         Mansfield Town           -  Lincoln City
         Northampton Town         -  Barnsley FC
         Peterborough United      -  Exeter City
         Reading FC               -  Wrexham AFC
         Rotherham United         -  Wycombe Wanderers
         Shrewsbury Town          -  Huddersfield Town
         Stevenage FC             -  Burton Albion


Matchday 27
[Sat Jan/18]
  15.00  Birmingham City          -  Exeter City
         Blackpool FC             -  Huddersfield Town
         Bolton Wanderers         -  Cambridge United
         Bristol Rovers           -  Barnsley FC
         Crawley Town             -  Burton Albion
         Mansfield Town           -  Wycombe Wanderers
         Northampton Town         -  Lincoln City
         Peterborough United      -  Leyton Orient
         Reading FC               -  Stockport County
         Rotherham United         -  Charlton Athletic
         Shrewsbury Town          -  Wrexham AFC
         Stevenage FC             -  Wigan Athletic


Matchday 28
[Sat Jan/25]
  15.00  Barnsley FC              -  Stevenage FC
         Burton Albion            -  Rotherham United
         Cambridge United         -  Mansfield Town
         Charlton Athletic        -  Shrewsbury Town
         Exeter City              -  Blackpool FC
         Huddersfield Town        -  Bolton Wanderers
         Leyton Orient            -  Reading FC
         Lincoln City             -  Peterborough United
         Stockport County         -  Crawley Town
         Wigan Athletic           -  Bristol Rovers
         Wrexham AFC              -  Birmingham City
         Wycombe Wanderers        -  Northampton Town


Matchday 29
[Tue Jan/28]
  19.45  Bolton Wanderers         -  Northampton Town
         Burton Albion            -  Reading FC
         Charlton Athletic        -  Bristol Rovers
         Exeter City              -  Leyton Orient
         Huddersfield Town        -  Birmingham City
         Lincoln City             -  Blackpool FC
         Mansfield Town           -  Crawley Town
         Peterborough United      -  Wigan Athletic
         Rotherham United         -  Cambridge United
         Stockport County         -  Shrewsbury Town
         Wrexham AFC              -  Stevenage FC
         Wycombe Wanderers        -  Barnsley FC


Matchday 30
[Sat Feb/1]
  15.00  Barnsley FC              -  Burton Albion
         Birmingham City          -  Rotherham United
         Blackpool FC             -  Charlton Athletic
         Bristol Rovers           -  Peterborough United
         Cambridge United         -  Wycombe Wanderers
         Crawley Town             -  Wrexham AFC
         Leyton Orient            -  Stockport County
         Northampton Town         -  Huddersfield Town
         Reading FC               -  Bolton Wanderers
         Shrewsbury Town          -  Mansfield Town
         Stevenage FC             -  Exeter City
         Wigan Athletic           -  Lincoln City


Matchday 31
[Sat Feb/8]
  15.00  Bolton Wanderers         -  Crawley Town
         Burton Albion            -  Blackpool FC
         Charlton Athletic        -  Stevenage FC
         Exeter City              -  Wigan Athletic
         Huddersfield Town        -  Reading FC
         Lincoln City             -  Cambridge United
         Mansfield Town           -  Northampton Town
         Peterborough United      -  Birmingham City
         Rotherham United         -  Shrewsbury Town
         Stockport County         -  Barnsley FC
         Wrexham AFC              -  Leyton Orient
         Wycombe Wanderers        -  Bristol Rovers


Matchday 32
[Sat Feb/15]
  15.00  Barnsley FC              -  Huddersfield Town
         Birmingham City          -  Charlton Athletic
         Blackpool FC             -  Mansfield Town
         Bristol Rovers           -  Burton Albion
         Cambridge United         -  Exeter City
         Crawley Town             -  Wycombe Wanderers
         Leyton Orient            -  Lincoln City
         Northampton Town         -  Wrexham AFC
         Reading FC               -  Rotherham United
         Shrewsbury Town          -  Bolton Wanderers
         Stevenage FC             -  Peterborough United
         Wigan Athletic           -  Stockport County


Matchday 33
[Sat Feb/22]
  15.00  Blackpool FC             -  Crawley Town
         Bolton Wanderers         -  Leyton Orient
         Cambridge United         -  Stockport County
         Charlton Athletic        -  Exeter City
         Huddersfield Town        -  Peterborough United
         Lincoln City             -  Burton Albion
         Mansfield Town           -  Wrexham AFC
         Northampton Town         -  Bristol Rovers
         Reading FC               -  Birmingham City
         Rotherham United         -  Barnsley FC
         Shrewsbury Town          -  Stevenage FC
         Wycombe Wanderers        -  Wigan Athletic


Matchday 34
[Sat Mar/1]
  15.00  Barnsley FC              -  Lincoln City
         Birmingham City          -  Wycombe Wanderers
         Bristol Rovers           -  Rotherham United
         Burton Albion            -  Mansfield Town
         Crawley Town             -  Cambridge United
         Exeter City              -  Northampton Town
         Leyton Orient            -  Charlton Athletic
         Peterborough United      -  Shrewsbury Town
         Stevenage FC             -  Huddersfield Town
         Stockport County         -  Blackpool FC
         Wigan Athletic           -  Reading FC
         Wrexham AFC              -  Bolton Wanderers


Matchday 35
[Tue Mar/4]
  19.45  Blackpool FC             -  Peterborough United
         Bolton Wanderers         -  Birmingham City
         Cambridge United         -  Stevenage FC
         Charlton Athletic        -  Barnsley FC
         Huddersfield Town        -  Wrexham AFC
         Lincoln City             -  Crawley Town
         Mansfield Town           -  Wigan Athletic
         Northampton Town         -  Stockport County
         Rotherham United         -  Leyton Orient
         Shrewsbury Town          -  Bristol Rovers
         Wycombe Wanderers        -  Burton Albion
  20.00  Reading FC               -  Exeter City


Matchday 36
[Sat Mar/8]
  15.00  Barnsley FC              -  Blackpool FC
         Birmingham City          -  Lincoln City
         Bristol Rovers           -  Huddersfield Town
         Burton Albion            -  Bolton Wanderers
         Crawley Town             -  Reading FC
         Exeter City              -  Shrewsbury Town
         Leyton Orient            -  Northampton Town
         Peterborough United      -  Wycombe Wanderers
         Stevenage FC             -  Mansfield Town
         Stockport County         -  Charlton Athletic
         Wigan Athletic           -  Cambridge United
         Wrexham AFC              -  Rotherham United


Matchday 37
[Sat Mar/15]
  15.00  Blackpool FC             -  Leyton Orient
         Bolton Wanderers         -  Stockport County
         Cambridge United         -  Peterborough United
         Charlton Athletic        -  Wigan Athletic
         Huddersfield Town        -  Crawley Town
         Lincoln City             -  Bristol Rovers
         Mansfield Town           -  Barnsley FC
         Northampton Town         -  Birmingham City
         Reading FC               -  Stevenage FC
         Rotherham United         -  Exeter City
         Shrewsbury Town          -  Burton Albion
         Wycombe Wanderers        -  Wrexham AFC


Matchday 38
[Sat Mar/22]
  15.00  Barnsley FC              -  Cambridge United
         Bolton Wanderers         -  Rotherham United
         Burton Albion            -  Wigan Athletic
         Crawley Town             -  Bristol Rovers
         Huddersfield Town        -  Wycombe Wanderers
         Lincoln City             -  Exeter City
         Mansfield Town           -  Leyton Orient
         Northampton Town         -  Blackpool FC
         Peterborough United      -  Charlton Athletic
         Shrewsbury Town          -  Reading FC
         Stevenage FC             -  Birmingham City
         Wrexham AFC              -  Stockport County


Matchday 39
[Sat Mar/29]
  15.00  Birmingham City          -  Shrewsbury Town
         Blackpool FC             -  Bolton Wanderers
         Bristol Rovers           -  Mansfield Town
         Cambridge United         -  Northampton Town
         Charlton Athletic        -  Huddersfield Town
         Exeter City              -  Wrexham AFC
         Leyton Orient            -  Stevenage FC
         Reading FC               -  Peterborough United
         Rotherham United         -  Crawley Town
         Stockport County         -  Burton Albion
         Wigan Athletic           -  Barnsley FC
         Wycombe Wanderers        -  Lincoln City


Matchday 40
[Tue Apr/1]
  19.45  Barnsley FC              -  Exeter City
         Blackpool FC             -  Reading FC
         Bristol Rovers           -  Birmingham City
         Burton Albion            -  Leyton Orient
         Cambridge United         -  Wrexham AFC
         Crawley Town             -  Peterborough United
         Lincoln City             -  Huddersfield Town
         Mansfield Town           -  Charlton Athletic
         Northampton Town         -  Rotherham United
         Stockport County         -  Stevenage FC
         Wigan Athletic           -  Bolton Wanderers
         Wycombe Wanderers        -  Shrewsbury Town


Matchday 41
[Sat Apr/5]
  15.00  Birmingham City          -  Barnsley FC
         Bolton Wanderers         -  Bristol Rovers
         Charlton Athletic        -  Lincoln City
         Exeter City              -  Stockport County
         Huddersfield Town        -  Mansfield Town
         Leyton Orient            -  Wigan Athletic
         Peterborough United      -  Northampton Town
         Reading FC               -  Wycombe Wanderers
         Rotherham United         -  Blackpool FC
         Shrewsbury Town          -  Cambridge United
         Stevenage FC             -  Crawley Town
         Wrexham AFC              -  Burton Albion


Matchday 42
[Sat Apr/12]
  15.00  Barnsley FC              -  Bolton Wanderers
         Blackpool FC             -  Birmingham City
         Bristol Rovers           -  Exeter City
         Burton Albion            -  Huddersfield Town
         Cambridge United         -  Charlton Athletic
         Crawley Town             -  Leyton Orient
         Lincoln City             -  Shrewsbury Town
         Mansfield Town           -  Peterborough United
         Northampton Town         -  Reading FC
         Stockport County         -  Rotherham United
         Wigan Athletic           -  Wrexham AFC
         Wycombe Wanderers        -  Stevenage FC


Matchday 43
[Fri Apr/18]
  15.00  Birmingham City          -  Crawley Town
         Bolton Wanderers         -  Wycombe Wanderers
         Charlton Athletic        -  Northampton Town
         Exeter City              -  Burton Albion
         Huddersfield Town        -  Cambridge United
         Leyton Orient            -  Barnsley FC
         Peterborough United      -  Stockport County
         Reading FC               -  Lincoln City
         Rotherham United         -  Mansfield Town
         Shrewsbury Town          -  Wigan Athletic
         Stevenage FC             -  Blackpool FC
         Wrexham AFC              -  Bristol Rovers


Matchday 44
[Mon Apr/21]
  15.00  Barnsley FC              -  Peterborough United
         Blackpool FC             -  Wrexham AFC
         Bristol Rovers           -  Stevenage FC
         Burton Albion            -  Birmingham City
         Cambridge United         -  Leyton Orient
         Crawley Town             -  Exeter City
         Lincoln City             -  Bolton Wanderers
         Mansfield Town           -  Reading FC
         Northampton Town         -  Shrewsbury Town
         Stockport County         -  Huddersfield Town
         Wigan Athletic           -  Rotherham United
         Wycombe Wanderers        -  Charlton Athletic


Matchday 45
[Sat Apr/26]
  15.00  Barnsley FC              -  Shrewsbury Town
         Birmingham City          -  Mansfield Town
         Bristol Rovers           -  Reading FC
         Burton Albion            -  Cambridge United
         Crawley Town             -  Northampton Town
         Exeter City              -  Huddersfield Town
         Leyton Orient            -  Wycombe Wanderers
         Peterborough United      -  Bolton Wanderers
         Stevenage FC             -  Rotherham United
         Stockport County         -  Lincoln City
         Wigan Athletic           -  Blackpool FC
         Wrexham AFC              -  Charlton Athletic


Matchday 46
[Sat May/3]
  15.00  Blackpool FC             -  Bristol Rovers
         Bolton Wanderers         -  Stevenage FC
         Cambridge United         -  Birmingham City
         Charlton Athletic        -  Burton Albion
         Huddersfield Town        -  Leyton Orient
         Lincoln City             -  Wrexham AFC
         Mansfield Town           -  Exeter City
         Northampton Town         -  Wigan Athletic
         Reading FC               -  Barnsley FC
         Rotherham United         -  Peterborough United
         Shrewsbury Town          -  Crawley Town
         Wycombe Wanderers        -  Stockport County
