= English League One 2022/23

# Date       Sat Jul/30 2022 - Sun May/7 2023 (281d)
# Teams      24
# Matches    552



Matchday 1
[Sat Jul/30]
  15.00  Accrington Stanley       2-2 (0-1)  Charlton Athletic
         Bristol Rovers           1-2 (0-0)  Forest Green Rovers
         Cambridge United         1-0 (1-0)  Milton Keynes Dons
         Cheltenham Town          2-3 (2-0)  Peterborough United
         Derby County             1-0 (0-0)  Oxford United
         Morecambe FC             0-0  Shrewsbury Town
         Ipswich Town             1-1 (1-1)  Bolton Wanderers
         Lincoln City             1-1 (0-1)  Exeter City
         Plymouth Argyle          1-0 (1-0)  Barnsley FC
         Port Vale FC             2-1 (2-1)  Fleetwood Town
         Sheffield Wednesday      3-3 (1-0)  Portsmouth FC
         Wycombe Wanderers        3-0 (3-0)  Burton Albion


Matchday 2
[Sat Aug/6]
  15.00  Bolton Wanderers         3-0 (2-0)  Wycombe Wanderers
         Burton Albion            0-4 (0-4)  Bristol Rovers
         Charlton Athletic        1-0 (0-0)  Derby County
         Exeter City              4-0 (2-0)  Port Vale FC
         Barnsley FC              1-0 (0-0)  Cheltenham Town
         Fleetwood Town           2-1 (1-1)  Plymouth Argyle
         Forest Green Rovers      1-2 (0-2)  Ipswich Town
         Milton Keynes Dons       0-1 (0-1)  Sheffield Wednesday
         Oxford United            1-0 (0-0)  Cambridge United
         Peterborough United      3-0 (2-0)  Morecambe FC
         Portsmouth FC            0-0  Lincoln City
         Shrewsbury Town          0-1 (0-0)  Accrington Stanley


Matchday 3
[Sat Aug/13]
  12.30  Bristol Rovers           1-0 (1-0)  Oxford United
  15.00  Accrington Stanley       4-4 (0-2)  Burton Albion
         Cambridge United         2-1 (0-1)  Exeter City
         Cheltenham Town          0-2 (0-1)  Portsmouth FC
         Derby County             2-1 (2-0)  Barnsley FC
         Morecambe FC             1-1 (1-0)  Fleetwood Town
         Ipswich Town             3-0 (2-0)  Milton Keynes Dons
         Lincoln City             1-1 (0-0)  Forest Green Rovers
         Plymouth Argyle          2-0 (1-0)  Peterborough United
         Port Vale FC             0-0  Bolton Wanderers
         Sheffield Wednesday      1-0 (0-0)  Charlton Athletic
         Wycombe Wanderers        1-2 (0-0)  Shrewsbury Town


Matchday 4
[Tue Aug/16]
  19.45  Bolton Wanderers         1-0 (1-0)  Morecambe FC
         Burton Albion            0-1 (0-0)  Ipswich Town
         Charlton Athletic        5-1 (3-0)  Plymouth Argyle
         Exeter City              3-1 (2-0)  Wycombe Wanderers
         Barnsley FC              3-0 (2-0)  Bristol Rovers
         Fleetwood Town           0-0  Cheltenham Town
         Milton Keynes Dons       2-1 (1-0)  Port Vale FC
         Oxford United            1-2 (0-2)  Lincoln City
         Peterborough United      2-0 (0-0)  Sheffield Wednesday
         Portsmouth FC            4-1 (1-1)  Cambridge United
         Shrewsbury Town          0-0  Derby County


Matchday 5
[Sat Aug/20]
  15.00  Portsmouth FC            3-1 (1-0)  Bristol Rovers
         Bolton Wanderers         0-2 (0-2)  Sheffield Wednesday
         Burton Albion            0-2 (0-0)  Port Vale FC
         Charlton Athletic        1-1 (1-0)  Cambridge United
         Exeter City              0-1 (0-0)  Cheltenham Town
         Barnsley FC              0-3 (0-1)  Wycombe Wanderers
         Fleetwood Town           0-0  Derby County
         Forest Green Rovers      0-3 (0-2)  Plymouth Argyle
         Milton Keynes Dons       1-1 (1-0)  Accrington Stanley
         Oxford United            1-1 (0-0)  Morecambe FC
         Peterborough United      4-0 (3-0)  Lincoln City
         Shrewsbury Town          0-3 (0-1)  Ipswich Town


Matchday 6
[Sat Aug/27]
  15.00  Wycombe Wanderers        1-1 (1-1)  Charlton Athletic
         Accrington Stanley       0-0  Exeter City
         Bristol Rovers           1-1 (0-0)  Shrewsbury Town
         Cambridge United         4-3 (1-2)  Burton Albion
         Cheltenham Town          1-2 (0-0)  Oxford United
         Derby County             2-1 (0-0)  Peterborough United
         Morecambe FC             0-4 (0-2)  Milton Keynes Dons
         Ipswich Town             2-2 (1-1)  Barnsley FC
         Lincoln City             2-2 (2-1)  Fleetwood Town
         Plymouth Argyle          2-0 (1-0)  Bolton Wanderers
         Port Vale FC             0-1 (0-1)  Portsmouth FC
         Sheffield Wednesday      5-0 (4-0)  Forest Green Rovers


Matchday 7
[Sat Sep/3]
  15.00  Exeter City              1-0 (0-0)  Milton Keynes Dons
         Accrington Stanley       0-2 (0-0)  Ipswich Town
         Bolton Wanderers         3-1 (2-1)  Charlton Athletic
         Bristol Rovers           2-2 (1-1)  Morecambe FC
         Cambridge United         2-0 (2-0)  Lincoln City
         Derby County             2-3 (2-0)  Plymouth Argyle
         Sheffield Wednesday      0-2 (0-1)  Barnsley FC
         Fleetwood Town           1-1 (0-1)  Wycombe Wanderers
         Forest Green Rovers      0-2 (0-1)  Shrewsbury Town
         Oxford United            2-1 (0-0)  Burton Albion
         Port Vale FC             2-2 (2-1)  Cheltenham Town
         Portsmouth FC            2-1 (1-1)  Peterborough United


Matchday 4
[Tue Sep/6]
  19.45  Forest Green Rovers      2-1 (1-0)  Accrington Stanley


Matchday 9
[Tue Sep/13]
  19.45  Wycombe Wanderers        1-0 (1-0)  Accrington Stanley
         Shrewsbury Town          3-2 (2-2)  Exeter City
         Plymouth Argyle          1-0 (0-0)  Oxford United
         Peterborough United      0-1 (0-1)  Fleetwood Town
         Milton Keynes Dons       0-2 (0-1)  Bolton Wanderers
         Lincoln City             2-0 (1-0)  Derby County
         Ipswich Town             2-0 (1-0)  Bristol Rovers
         Morecambe FC             0-3 (0-0)  Sheffield Wednesday
         Barnsley FC              1-1 (1-0)  Port Vale FC
         Cheltenham Town          2-1 (0-1)  Cambridge United
         Charlton Athletic        1-1 (1-1)  Forest Green Rovers
         Burton Albion            0-2 (0-0)  Portsmouth FC


Matchday 10
[Sat Sep/17]
  15.00  Derby County             2-1 (0-1)  Wycombe Wanderers
         Fleetwood Town           1-1 (1-0)  Charlton Athletic
         Exeter City              0-2 (0-0)  Burton Albion
         Cambridge United         0-3 (0-1)  Barnsley FC
         Bristol Rovers           3-6 (1-3)  Lincoln City
         Bolton Wanderers         1-0 (0-0)  Peterborough United
         Accrington Stanley       1-0 (1-0)  Cheltenham Town
         Oxford United            1-2 (0-1)  Milton Keynes Dons
         Sheffield Wednesday      2-2 (0-1)  Ipswich Town
         Portsmouth FC            2-2 (1-0)  Plymouth Argyle
         Port Vale FC             2-1 (1-1)  Shrewsbury Town
         Forest Green Rovers      1-2 (1-1)  Morecambe FC


Matchday 11
[Sat Sep/24]
  15.00  Bristol Rovers           0-1 (0-0)  Accrington Stanley
         Barnsley FC              3-1 (1-0)  Charlton Athletic
         Morecambe FC             1-2 (1-1)  Cambridge United
         Peterborough United      3-0 (2-0)  Port Vale FC
         Shrewsbury Town          2-1 (1-0)  Burton Albion
         Sheffield Wednesday      3-1 (2-1)  Wycombe Wanderers
  12.30  Forest Green Rovers      0-4 (0-3)  Exeter City
[Sun Sep/25]
  12.30  Plymouth Argyle          2-1 (0-1)  Ipswich Town


Matchday 12
[Sat Oct/1]
  15.00  Wycombe Wanderers        0-1 (0-1)  Plymouth Argyle
         Port Vale FC             0-1 (0-0)  Sheffield Wednesday
         Milton Keynes Dons       2-3 (0-2)  Peterborough United
         Ipswich Town             3-2 (1-1)  Portsmouth FC
         Fleetwood Town           0-1 (0-0)  Barnsley FC
         Exeter City              2-2 (0-0)  Bristol Rovers
         Cheltenham Town          2-0 (1-0)  Shrewsbury Town
         Charlton Athletic        1-1 (0-1)  Oxford United
         Cambridge United         0-2 (0-1)  Derby County
         Burton Albion            3-2 (1-0)  Forest Green Rovers
         Bolton Wanderers         2-0 (1-0)  Lincoln City
         Accrington Stanley       3-1 (0-0)  Morecambe FC


Matchday 8
[Tue Oct/4]
  19.45  Burton Albion            0-1 (0-1)  Fleetwood Town
         Ipswich Town             3-0 (0-0)  Cambridge United
         Plymouth Argyle          2-1 (1-1)  Sheffield Wednesday
         Cheltenham Town          1-0 (0-0)  Bolton Wanderers


Matchday 14
[Sat Oct/8]
  15.00  Plymouth Argyle          3-0 (1-0)  Accrington Stanley
         Oxford United            0-1 (0-1)  Wycombe Wanderers
         Lincoln City             0-0  Charlton Athletic
         Portsmouth FC            1-1 (1-1)  Fleetwood Town
         Morecambe FC             1-2 (1-0)  Ipswich Town
         Barnsley FC              0-2 (0-1)  Exeter City
         Derby County             1-2 (1-0)  Port Vale FC
         Bristol Rovers           2-1 (1-1)  Cambridge United
         Sheffield Wednesday      3-0 (1-0)  Cheltenham Town
         Shrewsbury Town          2-1 (2-0)  Milton Keynes Dons
         Forest Green Rovers      1-0 (1-0)  Bolton Wanderers
         Peterborough United      1-1 (0-0)  Burton Albion


Matchday 8
[Tue Oct/11]
  19.45  Milton Keynes Dons       0-1 (0-0)  Bristol Rovers
         Peterborough United      4-1 (2-1)  Forest Green Rovers
         Charlton Athletic        4-2 (2-1)  Exeter City


Matchday 15
[Sat Oct/15]
  15.00  Cheltenham Town          1-4 (0-4)  Bristol Rovers
         Exeter City              2-4 (0-3)  Oxford United
         Fleetwood Town           0-1 (0-1)  Shrewsbury Town
         Cambridge United         0-2 (0-1)  Sheffield Wednesday
         Milton Keynes Dons       1-4 (0-3)  Plymouth Argyle
         Port Vale FC             2-2 (0-2)  Forest Green Rovers
         Wycombe Wanderers        3-1 (1-1)  Peterborough United
         Bolton Wanderers         0-0  Barnsley FC
         Accrington Stanley       0-3 (0-2)  Derby County
         Ipswich Town             0-1 (0-1)  Lincoln City
         Burton Albion            1-1 (1-0)  Morecambe FC
[Mon Oct/17]
  20.00  Charlton Athletic        3-0 (2-0)  Portsmouth FC


Matchday 16
[Fri Oct/21]
  20.00  Ipswich Town             1-0 (0-0)  Derby County
[Sat Oct/22]
  15.00  Accrington Stanley       2-3 (1-0)  Bolton Wanderers
         Bristol Rovers           2-2 (0-2)  Plymouth Argyle
         Burton Albion            1-0 (0-0)  Cheltenham Town
         Cambridge United         0-1 (0-0)  Port Vale FC
  13.00  Lincoln City             1-1 (0-1)  Sheffield Wednesday
  15.00  Morecambe FC             1-0 (1-0)  Barnsley FC
         Forest Green Rovers      0-1 (0-1)  Portsmouth FC
         Milton Keynes Dons       0-1 (0-1)  Wycombe Wanderers
         Shrewsbury Town          0-1 (0-0)  Charlton Athletic
         Oxford United            1-2 (0-2)  Peterborough United
         Exeter City              2-1 (1-1)  Fleetwood Town


Matchday 13
[Tue Oct/25]
  19.45  Wycombe Wanderers        2-3 (1-2)  Cambridge United
         Charlton Athletic        0-2 (0-0)  Milton Keynes Dons
         Cheltenham Town          1-0 (1-0)  Morecambe FC
         Derby County             0-0  Exeter City
         Barnsley FC              0-1 (0-1)  Lincoln City
         Fleetwood Town           1-1 (0-1)  Forest Green Rovers
         Peterborough United      3-1 (1-1)  Accrington Stanley
         Plymouth Argyle          2-1 (0-1)  Shrewsbury Town
         Port Vale FC             2-3 (1-2)  Ipswich Town
         Portsmouth FC            1-1 (0-1)  Oxford United
         Bolton Wanderers         2-1 (0-0)  Burton Albion
[Wed Oct/26]
  20.00  Sheffield Wednesday      1-1 (1-0)  Bristol Rovers


Matchday 17
[Sat Oct/29]
  15.00  Charlton Athletic        4-4 (0-1)  Ipswich Town
         Cheltenham Town          0-0  Milton Keynes Dons
         Derby County             4-2 (4-2)  Bristol Rovers
         Port Vale FC             1-0 (0-0)  Lincoln City
         Sheffield Wednesday      4-2 (2-0)  Burton Albion
         Portsmouth FC            1-1 (1-1)  Shrewsbury Town
         Barnsley FC              2-0 (1-0)  Forest Green Rovers
         Wycombe Wanderers        1-1 (1-0)  Morecambe FC
         Fleetwood Town           3-0 (0-0)  Accrington Stanley
         Bolton Wanderers         1-3 (0-1)  Oxford United
         Peterborough United      1-0 (1-0)  Cambridge United
[Mon Oct/31]
  20.00  Plymouth Argyle          4-2 (1-1)  Exeter City


Matchday 11
[Tue Nov/1]
  19.45  Oxford United            1-1 (0-1)  Fleetwood Town


Matchday 8
[Tue Nov/1]
  19.45  Wycombe Wanderers        2-2 (1-1)  Port Vale FC
         Lincoln City             1-1 (0-0)  Accrington Stanley
         Morecambe FC             1-1 (1-0)  Derby County
[Wed Nov/9]
  19.45  Shrewsbury Town          1-1 (0-1)  Oxford United


Matchday 18
[Sat Nov/12]
  15.00  Ipswich Town             1-1 (1-1)  Cheltenham Town
         Shrewsbury Town          0-1 (0-1)  Barnsley FC
         Oxford United            4-0 (2-0)  Port Vale FC
         Milton Keynes Dons       1-3 (1-1)  Derby County
         Accrington Stanley       0-1 (0-1)  Sheffield Wednesday
         Bristol Rovers           2-2 (0-1)  Fleetwood Town
         Burton Albion            3-3 (2-2)  Charlton Athletic
         Cambridge United         0-0  Bolton Wanderers
         Exeter City              3-2 (1-1)  Peterborough United
         Morecambe FC             1-1 (1-0)  Portsmouth FC
         Forest Green Rovers      0-2 (0-2)  Wycombe Wanderers
         Lincoln City             1-1 (1-1)  Plymouth Argyle


Matchday 19
[Fri Nov/18]
  20.00  Portsmouth FC            0-0  Derby County
[Sat Nov/19]
  15.00  Fleetwood Town           1-2 (1-0)  Bolton Wanderers
         Port Vale FC             1-0 (0-0)  Charlton Athletic
         Oxford United            1-1 (1-0)  Forest Green Rovers
         Lincoln City             2-1 (1-0)  Morecambe FC
  12.00  Exeter City              0-2 (0-1)  Ipswich Town
  15.00  Bristol Rovers           1-0 (0-0)  Peterborough United
         Burton Albion            2-2 (1-0)  Plymouth Argyle
         Cambridge United         0-1 (0-1)  Accrington Stanley
         Cheltenham Town          1-0 (1-0)  Wycombe Wanderers
         Barnsley FC              3-1 (1-1)  Milton Keynes Dons
         Sheffield Wednesday      1-0 (1-0)  Shrewsbury Town


Matchday 20
[Fri Dec/2]
  19.45  Ipswich Town             1-1 (1-0)  Fleetwood Town
         Peterborough United      1-2 (1-1)  Barnsley FC
         Morecambe FC             1-1 (1-1)  Exeter City
         Plymouth Argyle          0-2 (0-0)  Port Vale FC
         Bolton Wanderers         1-1 (0-1)  Bristol Rovers
         Charlton Athletic        0-1 (0-0)  Cheltenham Town
[Sat Dec/3]
  13.00  Forest Green Rovers      2-1 (1-0)  Cambridge United
  12.30  Shrewsbury Town          2-0 (1-0)  Lincoln City
         Milton Keynes Dons       1-1 (0-1)  Burton Albion
  15.00  Accrington Stanley       1-1 (0-0)  Oxford United
  12.30  Derby County             0-0  Sheffield Wednesday
[Sun Dec/4]
  12.30  Wycombe Wanderers        2-0 (1-0)  Portsmouth FC


Matchday 21
[Sat Dec/10]
  15.00  Cambridge United         0-0  Plymouth Argyle
         Bristol Rovers           1-0 (0-0)  Port Vale FC
         Exeter City              1-1 (0-0)  Sheffield Wednesday
         Lincoln City             0-0  Wycombe Wanderers
  12.30  Ipswich Town             2-1 (1-1)  Peterborough United
         Shrewsbury Town          3-2 (1-1)  Bolton Wanderers
  14.00  Burton Albion            1-1 (0-1)  Derby County
         Forest Green Rovers      1-0 (0-0)  Cheltenham Town
  15.00  Milton Keynes Dons       1-2 (0-0)  Fleetwood Town


Matchday 22
[Sat Dec/17]
  15.00  Sheffield Wednesday      0-0  Oxford United
         Barnsley FC              2-0 (1-0)  Burton Albion
         Portsmouth FC            0-2 (0-1)  Milton Keynes Dons
         Plymouth Argyle          2-1 (0-0)  Morecambe FC
         Derby County             4-0 (2-0)  Forest Green Rovers
         Charlton Athletic        1-2 (1-0)  Bristol Rovers
         Bolton Wanderers         2-0 (2-0)  Exeter City
         Wycombe Wanderers        1-0 (1-0)  Ipswich Town


Matchday 23
[Mon Dec/26]
  15.00  Fleetwood Town           1-2 (1-1)  Sheffield Wednesday
         Wycombe Wanderers        2-1 (1-1)  Bristol Rovers
         Ipswich Town             3-0 (2-0)  Oxford United
         Milton Keynes Dons       1-0 (0-0)  Forest Green Rovers
         Port Vale FC             1-0 (1-0)  Morecambe FC
         Exeter City              0-0  Portsmouth FC
         Cheltenham Town          0-1 (0-0)  Plymouth Argyle
         Charlton Athletic        1-1 (0-0)  Peterborough United
         Cambridge United         2-1 (0-0)  Shrewsbury Town
         Burton Albion            3-0 (3-0)  Lincoln City
         Accrington Stanley       1-1 (0-1)  Barnsley FC
[Tue Dec/27]
  15.00  Bolton Wanderers         0-0  Derby County


Matchday 24
[Thu Dec/29]
  19.45  Bristol Rovers           3-4 (0-2)  Exeter City
         Barnsley FC              2-1 (0-0)  Fleetwood Town
         Morecambe FC             2-0 (2-0)  Accrington Stanley
         Forest Green Rovers      1-2 (0-1)  Burton Albion
         Oxford United            3-1 (2-0)  Charlton Athletic
         Peterborough United      2-0 (1-0)  Milton Keynes Dons
         Shrewsbury Town          0-1 (0-1)  Cheltenham Town
         Plymouth Argyle          1-0 (1-0)  Wycombe Wanderers
         Portsmouth FC            2-2 (1-1)  Ipswich Town
         Sheffield Wednesday      2-0 (1-0)  Port Vale FC
[Fri Dec/30]
  19.45  Lincoln City             1-1 (1-0)  Bolton Wanderers
         Derby County             1-0 (0-0)  Cambridge United


Matchday 25
[Sun Jan/1]
  15.00  Bristol Rovers           2-1 (2-0)  Cheltenham Town
         Morecambe FC             5-0 (2-0)  Burton Albion
         Forest Green Rovers      1-3 (1-0)  Port Vale FC
         Oxford United            0-1 (0-0)  Exeter City
         Plymouth Argyle          3-1 (2-1)  Milton Keynes Dons
         Portsmouth FC            1-3 (1-1)  Charlton Athletic
         Shrewsbury Town          0-3 (0-2)  Fleetwood Town
         Peterborough United      0-3 (0-1)  Wycombe Wanderers
[Mon Jan/2]
  15.00  Barnsley FC              0-3 (0-2)  Bolton Wanderers
         Sheffield Wednesday      5-0 (2-0)  Cambridge United
         Lincoln City             1-1 (0-0)  Ipswich Town
         Derby County             4-0 (3-0)  Accrington Stanley


Matchday 26
[Sat Jan/7]
  15.00  Charlton Athletic        2-1 (2-0)  Lincoln City
         Cambridge United         1-2 (1-2)  Bristol Rovers


Matchday 38
[Sat Jan/7]
  15.00  Bolton Wanderers         0-0  Plymouth Argyle


Matchday 43
[Sat Jan/7]
  15.00  Morecambe FC             2-1 (1-1)  Cheltenham Town


Matchday 27
[Sat Jan/14]
  15.00  Accrington Stanley       2-0 (0-0)  Bristol Rovers
         Exeter City              1-1 (0-0)  Forest Green Rovers
         Fleetwood Town           1-2 (1-0)  Oxford United
         Ipswich Town             1-1 (0-0)  Plymouth Argyle
         Milton Keynes Dons       0-0  Lincoln City
         Wycombe Wanderers        0-1 (0-1)  Sheffield Wednesday
         Bolton Wanderers         3-0 (1-0)  Portsmouth FC
         Burton Albion            0-4 (0-2)  Shrewsbury Town
         Charlton Athletic        2-0 (1-0)  Barnsley FC
         Cheltenham Town          2-3 (1-2)  Derby County
[Mon Jan/16]
  20.00  Port Vale FC             0-2 (0-0)  Peterborough United


Matchday 28
[Sat Jan/21]
  15.00  Barnsley FC              3-1 (3-0)  Accrington Stanley
         Forest Green Rovers      1-2 (1-1)  Milton Keynes Dons
         Shrewsbury Town          5-1 (2-0)  Cambridge United
         Oxford United            2-1 (1-1)  Ipswich Town
         Sheffield Wednesday      1-0 (1-0)  Fleetwood Town
         Portsmouth FC            2-0 (0-0)  Exeter City
         Plymouth Argyle          4-2 (2-1)  Cheltenham Town
         Derby County             2-1 (1-0)  Bolton Wanderers


Matchday 26
[Tue Jan/24]
  19.45  Port Vale FC             1-2 (0-0)  Derby County
         Milton Keynes Dons       0-1 (0-0)  Shrewsbury Town
         Ipswich Town             4-0 (4-0)  Morecambe FC
         Fleetwood Town           0-2 (0-1)  Portsmouth FC
         Bolton Wanderers         1-0 (1-0)  Forest Green Rovers
         Wycombe Wanderers        2-0 (2-0)  Oxford United


Matchday 29
[Sat Jan/28]
  15.00  Cheltenham Town          0-0  Port Vale FC
         Morecambe FC             5-1 (1-0)  Bristol Rovers
         Milton Keynes Dons       0-2 (0-1)  Exeter City
         Peterborough United      2-1 (2-0)  Portsmouth FC
         Shrewsbury Town          2-1 (0-1)  Forest Green Rovers
         Burton Albion            2-0 (1-0)  Oxford United
  12.30  Charlton Athletic        1-2 (0-1)  Bolton Wanderers
  15.00  Lincoln City             0-0  Cambridge United


Matchday 21
[Wed Feb/1]
  19.45  Oxford United            1-2 (0-1)  Barnsley FC


Matchday 30
[Sat Feb/4]
  15.00  Bolton Wanderers         1-0 (0-0)  Cheltenham Town
         Accrington Stanley       0-3 (0-1)  Lincoln City
         Derby County             5-0 (1-0)  Morecambe FC
         Sheffield Wednesday      1-0 (1-0)  Plymouth Argyle
         Portsmouth FC            1-1 (0-0)  Barnsley FC
         Port Vale FC             0-3 (0-1)  Wycombe Wanderers
         Oxford United            0-1 (0-0)  Shrewsbury Town
         Forest Green Rovers      0-2 (0-0)  Peterborough United
         Exeter City              1-2 (1-2)  Charlton Athletic
         Fleetwood Town           2-3 (0-0)  Burton Albion
         Cambridge United         1-1 (1-0)  Ipswich Town
         Bristol Rovers           0-2 (0-1)  Milton Keynes Dons


Matchday 22
[Tue Feb/7]
  19.45  Port Vale FC             1-1 (0-0)  Accrington Stanley


Matchday 31
[Sat Feb/11]
  15.00  Shrewsbury Town          3-2 (3-1)  Port Vale FC
         Plymouth Argyle          3-1 (1-0)  Portsmouth FC
         Milton Keynes Dons       1-1 (1-0)  Oxford United
         Lincoln City             1-0 (1-0)  Bristol Rovers
         Ipswich Town             2-2 (1-2)  Sheffield Wednesday
         Morecambe FC             1-1 (0-0)  Forest Green Rovers
         Wycombe Wanderers        3-2 (1-0)  Derby County
         Burton Albion            1-0 (0-0)  Exeter City
         Charlton Athletic        1-2 (1-1)  Fleetwood Town
         Cheltenham Town          0-0  Accrington Stanley
         Peterborough United      0-5 (0-2)  Bolton Wanderers
         Barnsley FC              2-0 (1-0)  Cambridge United


Matchday 32
[Tue Feb/14]
  19.45  Derby County             1-1 (0-1)  Lincoln City
         Exeter City              0-0  Shrewsbury Town
         Fleetwood Town           1-0 (1-0)  Peterborough United
         Accrington Stanley       0-2 (0-1)  Wycombe Wanderers
         Bolton Wanderers         5-0 (3-0)  Milton Keynes Dons
         Bristol Rovers           0-0  Ipswich Town
         Sheffield Wednesday      3-0 (2-0)  Morecambe FC
         Portsmouth FC            1-0 (0-0)  Burton Albion
         Port Vale FC             1-3 (1-2)  Barnsley FC
         Oxford United            1-3 (1-1)  Plymouth Argyle
         Forest Green Rovers      0-1 (0-1)  Charlton Athletic
         Cambridge United         1-2 (0-0)  Cheltenham Town


Matchday 33
[Sat Feb/18]
  15.00  Ipswich Town             4-0 (2-0)  Forest Green Rovers
         Lincoln City             0-0  Portsmouth FC
         Derby County             2-0 (1-0)  Charlton Athletic
         Cheltenham Town          0-4 (0-3)  Barnsley FC
         Cambridge United         1-0 (1-0)  Oxford United
         Bristol Rovers           1-2 (1-1)  Burton Albion
         Accrington Stanley       1-0 (1-0)  Shrewsbury Town
         Plymouth Argyle          0-0  Fleetwood Town
         Port Vale FC             1-0 (0-0)  Exeter City
         Sheffield Wednesday      5-2 (1-2)  Milton Keynes Dons
         Morecambe FC             0-3 (0-3)  Peterborough United
         Wycombe Wanderers        1-0 (1-0)  Bolton Wanderers


Matchday 28
[Tue Feb/21]
  19.45  Morecambe FC             1-0 (0-0)  Port Vale FC


Matchday 22
[Tue Feb/21]
  19.45  Fleetwood Town           1-0 (0-0)  Cambridge United


Matchday 34
[Sat Feb/25]
  15.00  Peterborough United      5-2 (2-1)  Plymouth Argyle
  12.30  Oxford United            0-3 (0-2)  Bristol Rovers
  15.00  Bolton Wanderers         2-1 (2-1)  Port Vale FC
         Burton Albion            0-0  Accrington Stanley
         Shrewsbury Town          2-0 (1-0)  Wycombe Wanderers
         Exeter City              2-0 (1-0)  Cambridge United
         Barnsley FC              4-1 (3-1)  Derby County
         Fleetwood Town           1-0 (1-0)  Morecambe FC
         Forest Green Rovers      1-1 (0-1)  Lincoln City
         Charlton Athletic        0-1 (0-1)  Sheffield Wednesday
         Milton Keynes Dons       0-1 (0-1)  Ipswich Town
         Portsmouth FC            4-0 (3-0)  Cheltenham Town


Matchday 11
[Tue Feb/28]
  19.45  Portsmouth FC            3-1 (0-0)  Bolton Wanderers
         Derby County             2-0 (1-0)  Cheltenham Town
         Lincoln City             1-1 (1-0)  Milton Keynes Dons


Matchday 28
[Tue Feb/28]
  19.45  Peterborough United      0-0  Charlton Athletic


Matchday 35
[Sat Mar/4]
  15.00  Lincoln City             1-0 (1-0)  Oxford United
         Accrington Stanley       2-1 (1-1)  Forest Green Rovers
         Ipswich Town             4-0 (3-0)  Burton Albion
         Port Vale FC             1-0 (1-0)  Milton Keynes Dons
         Sheffield Wednesday      1-0 (0-0)  Peterborough United
         Wycombe Wanderers        1-1 (1-0)  Exeter City
         Bristol Rovers           0-0  Barnsley FC
         Cheltenham Town          1-0 (0-0)  Fleetwood Town
         Plymouth Argyle          2-0 (0-0)  Charlton Athletic
  12.30  Morecambe FC             0-0  Bolton Wanderers
  15.00  Cambridge United         0-1 (0-0)  Portsmouth FC
         Derby County             2-2 (2-0)  Shrewsbury Town


Matchday 29
[Tue Mar/7]
  20.00  Plymouth Argyle          2-1 (0-1)  Derby County
  19.45  Wycombe Wanderers        2-0 (1-0)  Fleetwood Town


Matchday 27
[Tue Mar/7]
  19.45  Cambridge United         1-1 (1-1)  Morecambe FC


Matchday 8
[Tue Mar/7]
  19.45  Barnsley FC              3-1 (2-0)  Portsmouth FC


Matchday 22
[Tue Mar/7]
  19.45  Cheltenham Town          0-0  Lincoln City


Matchday 29
[Tue Mar/7]
  19.45  Ipswich Town             3-0 (1-0)  Accrington Stanley


Matchday 22
[Tue Mar/7]
  19.45  Peterborough United      2-1 (1-1)  Shrewsbury Town


Matchday 36
[Sat Mar/11]
  15.00  Peterborough United      0-3 (0-2)  Cheltenham Town
         Milton Keynes Dons       1-0 (1-0)  Cambridge United
         Forest Green Rovers      1-3 (1-2)  Bristol Rovers
         Shrewsbury Town          3-1 (2-1)  Morecambe FC
         Portsmouth FC            0-1 (0-1)  Sheffield Wednesday
         Fleetwood Town           1-1 (0-0)  Port Vale FC
         Barnsley FC              3-0 (0-0)  Plymouth Argyle
         Bolton Wanderers         0-2 (0-1)  Ipswich Town
         Burton Albion            2-1 (2-0)  Wycombe Wanderers
         Charlton Athletic        1-1 (1-1)  Accrington Stanley
         Exeter City              2-1 (1-1)  Lincoln City
         Oxford United            2-3 (1-2)  Derby County


Matchday 28
[Tue Mar/14]
  19.45  Bristol Rovers           0-2 (0-1)  Wycombe Wanderers


Matchday 21
[Tue Mar/14]
  19.45  Morecambe FC             1-4 (0-3)  Charlton Athletic
         Accrington Stanley       1-3 (0-1)  Portsmouth FC


Matchday 26
[Tue Mar/14]
  19.45  Burton Albion            2-5 (1-3)  Peterborough United


Matchday 37
[Fri Mar/17]
  19.45  Sheffield Wednesday      1-1 (1-1)  Bolton Wanderers
[Sat Mar/18]
  15.00  Port Vale FC             2-3 (1-1)  Burton Albion
         Wycombe Wanderers        0-1 (0-0)  Barnsley FC
         Cheltenham Town          3-1 (1-0)  Exeter City
  13.00  Lincoln City             0-3 (0-1)  Peterborough United
  15.00  Accrington Stanley       0-1 (0-1)  Milton Keynes Dons
         Bristol Rovers           0-2 (0-1)  Portsmouth FC
         Cambridge United         1-2 (0-2)  Charlton Athletic
         Ipswich Town             2-0 (1-0)  Shrewsbury Town
         Derby County             0-2 (0-2)  Fleetwood Town
         Morecambe FC             1-1 (0-1)  Oxford United
         Plymouth Argyle          2-0 (1-0)  Forest Green Rovers


Matchday 26
[Tue Mar/21]
  19.45  Accrington Stanley       0-2 (0-1)  Plymouth Argyle


Matchday 29
[Tue Mar/21]
  20.00  Barnsley FC              4-2 (2-1)  Sheffield Wednesday


Matchday 38
[Sat Mar/25]
  15.00  Peterborough United      2-0 (0-0)  Derby County
         Portsmouth FC            2-2 (0-2)  Port Vale FC
         Charlton Athletic        1-1 (1-0)  Wycombe Wanderers
         Exeter City              5-0 (1-0)  Accrington Stanley
         Fleetwood Town           2-1 (1-1)  Lincoln City
         Milton Keynes Dons       1-0 (0-0)  Morecambe FC
[Sun Mar/26]
  13.00  Forest Green Rovers      1-0 (1-0)  Sheffield Wednesday


Matchday 26
[Tue Mar/28]
  19.45  Exeter City              3-1 (1-1)  Barnsley FC
[Wed Mar/29]
  19.45  Cheltenham Town          2-2 (0-0)  Sheffield Wednesday


Matchday 39
[Sat Apr/1]
  15.00  Wycombe Wanderers        2-2 (1-1)  Milton Keynes Dons
         Sheffield Wednesday      1-1 (1-1)  Lincoln City
         Portsmouth FC            1-0 (0-0)  Forest Green Rovers
         Port Vale FC             0-2 (0-0)  Cambridge United
         Charlton Athletic        6-0 (3-0)  Shrewsbury Town
         Cheltenham Town          0-0  Burton Albion
         Derby County             0-2 (0-1)  Ipswich Town
         Barnsley FC              5-0 (3-0)  Morecambe FC
         Fleetwood Town           2-2 (2-1)  Exeter City
         Peterborough United      0-0  Oxford United


Matchday 40
[Fri Apr/7]
  15.00  Cambridge United         2-1 (1-0)  Fleetwood Town
         Oxford United            1-1 (0-1)  Sheffield Wednesday
         Milton Keynes Dons       1-1 (0-1)  Portsmouth FC
         Lincoln City             2-0 (1-0)  Cheltenham Town
         Ipswich Town             4-0 (2-0)  Wycombe Wanderers
         Forest Green Rovers      0-2 (0-1)  Derby County
         Accrington Stanley       3-0 (2-0)  Port Vale FC
         Bristol Rovers           1-0 (0-0)  Charlton Athletic
         Burton Albion            2-1 (0-0)  Barnsley FC
         Shrewsbury Town          0-3 (0-1)  Peterborough United
         Exeter City              0-1 (0-1)  Bolton Wanderers
         Morecambe FC             1-3 (1-0)  Plymouth Argyle


Matchday 41
[Mon Apr/10]
  15.00  Plymouth Argyle          0-2 (0-1)  Lincoln City
         Wycombe Wanderers        2-0 (1-0)  Forest Green Rovers
         Sheffield Wednesday      3-0 (1-0)  Accrington Stanley
         Portsmouth FC            0-0  Morecambe FC
         Port Vale FC             0-0  Oxford United
         Peterborough United      3-1 (2-0)  Exeter City
         Bolton Wanderers         1-1 (0-0)  Cambridge United
         Charlton Athletic        3-2 (2-1)  Burton Albion
         Cheltenham Town          1-1 (0-0)  Ipswich Town
         Derby County             1-1 (1-0)  Milton Keynes Dons
         Barnsley FC              2-1 (2-0)  Shrewsbury Town
         Fleetwood Town           1-2 (1-0)  Bristol Rovers


Matchday 42
[Sat Apr/15]
  15.00  Milton Keynes Dons       2-2 (1-1)  Cheltenham Town
         Oxford United            0-1 (0-1)  Bolton Wanderers
         Lincoln City             3-2 (2-2)  Port Vale FC
         Ipswich Town             6-0 (2-0)  Charlton Athletic
         Forest Green Rovers      1-5 (0-3)  Barnsley FC
         Morecambe FC             1-0 (0-0)  Wycombe Wanderers
  12.00  Exeter City              0-1 (0-0)  Plymouth Argyle
  12.30  Cambridge United         2-0 (1-0)  Peterborough United
  15.00  Accrington Stanley       2-5 (0-2)  Fleetwood Town
         Bristol Rovers           1-1 (0-1)  Derby County
         Burton Albion            3-2 (3-1)  Sheffield Wednesday
         Shrewsbury Town          1-1 (0-0)  Portsmouth FC


Matchday 43
[Tue Apr/18]
  19.45  Lincoln City             0-0  Barnsley FC
         Milton Keynes Dons       0-1 (0-0)  Charlton Athletic
         Bristol Rovers           1-2 (0-2)  Sheffield Wednesday
         Oxford United            1-1 (1-1)  Portsmouth FC
         Ipswich Town             2-1 (0-1)  Port Vale FC
         Forest Green Rovers      0-0  Fleetwood Town
         Exeter City              1-2 (0-0)  Derby County
         Accrington Stanley       1-2 (0-2)  Peterborough United
         Cambridge United         1-2 (0-2)  Wycombe Wanderers
         Burton Albion            1-1 (0-1)  Bolton Wanderers
         Shrewsbury Town          1-2 (0-0)  Plymouth Argyle


Matchday 44
[Sat Apr/22]
  15.00  Peterborough United      0-3 (0-1)  Ipswich Town
         Plymouth Argyle          3-1 (1-1)  Cambridge United
         Sheffield Wednesday      2-1 (0-0)  Exeter City
         Wycombe Wanderers        0-2 (0-1)  Lincoln City
         Port Vale FC             2-0 (2-0)  Bristol Rovers
         Fleetwood Town           1-0 (1-0)  Milton Keynes Dons
         Derby County             1-0 (0-0)  Burton Albion
         Bolton Wanderers         1-0 (0-0)  Shrewsbury Town
         Charlton Athletic        2-3 (1-1)  Morecambe FC
         Cheltenham Town          3-1 (3-0)  Forest Green Rovers
         Barnsley FC              2-0 (1-0)  Oxford United
         Portsmouth FC            1-0 (0-0)  Accrington Stanley


Matchday 38
[Tue Apr/25]
  19.45  Barnsley FC              0-3 (0-2)  Ipswich Town
         Oxford United            4-0 (1-0)  Cheltenham Town


Matchday 39
[Tue Apr/25]
  19.45  Bolton Wanderers         0-1 (0-1)  Accrington Stanley


Matchday 28
[Tue Apr/25]
  19.45  Lincoln City             0-1 (0-0)  Burton Albion


Matchday 39
[Tue Apr/25]
  19.45  Plymouth Argyle          2-0 (0-0)  Bristol Rovers


Matchday 45
[Sat Apr/29]
  15.00  Wycombe Wanderers        0-3 (0-1)  Cheltenham Town
         Plymouth Argyle          1-0 (1-0)  Burton Albion
         Accrington Stanley       1-2 (0-1)  Cambridge United
         Bolton Wanderers         2-0 (1-0)  Fleetwood Town
         Charlton Athletic        3-2 (1-0)  Port Vale FC
         Derby County             1-1 (0-1)  Portsmouth FC
         Morecambe FC             3-2 (0-1)  Lincoln City
         Forest Green Rovers      0-3 (0-1)  Oxford United
         Ipswich Town             6-0 (5-0)  Exeter City
         Milton Keynes Dons       4-4 (0-1)  Barnsley FC
         Peterborough United      0-0  Bristol Rovers
         Shrewsbury Town          0-3 (0-1)  Sheffield Wednesday


Matchday 38
[Tue May/2]
  19.45  Shrewsbury Town          2-1 (1-0)  Bristol Rovers
[Wed May/3]
  19.45  Burton Albion            1-0 (1-0)  Cambridge United


Matchday 46
[Sun May/7]
  12.00  Bristol Rovers           2-3 (1-1)  Bolton Wanderers
         Burton Albion            0-0  Milton Keynes Dons
         Cambridge United         2-0 (2-0)  Forest Green Rovers
         Cheltenham Town          2-2 (0-1)  Charlton Athletic
         Exeter City              3-2 (0-0)  Morecambe FC
         Barnsley FC              0-2 (0-1)  Peterborough United
         Fleetwood Town           2-2 (0-0)  Ipswich Town
         Lincoln City             1-0 (0-0)  Shrewsbury Town
         Oxford United            1-2 (1-0)  Accrington Stanley
         Port Vale FC             1-3 (1-2)  Plymouth Argyle
         Portsmouth FC            2-2 (1-1)  Wycombe Wanderers
         Sheffield Wednesday      1-0 (1-0)  Derby County
